2025-02-25 21:05:23,356 DEBUG [WB_to_MX.lambda$run_gui_mode$0] Arguments: [-mx_timeout, -1, -pack, assets/MotorControlPack/MotorControl.zip, -exp, templates/wb-defines_where_and_what.txt, -ftl, templates/wb_ioc_template.ftl, -xdm, C:\Users\thepr\git\EPCL_FW_MCSDK_001\prj\g474_ihm16m1_EPCL\g474_ihm16m1_EPCL.wbdef, -ioc, C:\Users\thepr\git\EPCL_FW_MCSDK_001\prj\g474_ihm16m1_EPCL\g474_ihm16m1_EPCL.ioc]
2025-02-25 21:05:23,357 DEBUG [ArgsValue.lambda$retrieve$2] CLI_ARG[ftl]: templates/wb_ioc_template.ftl
2025-02-25 21:05:23,358 DEBUG [ArgsValue.lambda$retrieve$2] CLI_ARG[exp]: templates/wb-defines_where_and_what.txt
2025-02-25 21:05:23,358 DEBUG [ArgsValue.lambda$retrieve$2] CLI_ARG[xdm]: C:\Users\thepr\git\EPCL_FW_MCSDK_001\prj\g474_ihm16m1_EPCL\g474_ihm16m1_EPCL.wbdef
2025-02-25 21:05:23,359 DEBUG [ArgsValue.lambda$retrieve$2] CLI_ARG[ioc]: C:\Users\thepr\git\EPCL_FW_MCSDK_001\prj\g474_ihm16m1_EPCL\g474_ihm16m1_EPCL.ioc
2025-02-25 21:05:23,359 DEBUG [ArgsValue.lambda$retrieve$2] CLI_ARG[pack]: assets/MotorControlPack/MotorControl.zip
2025-02-25 21:05:23,359 DEBUG [ArgsValue.lambda$retrieve$2] CLI_ARG[mx_timeout]: -1
2025-02-25 21:05:23,359 DEBUG [ArgsValue.retrieve] {xdm=C:\Users\thepr\git\EPCL_FW_MCSDK_001\prj\g474_ihm16m1_EPCL\g474_ihm16m1_EPCL.wbdef, updftl=templates/wb_ioc_mc-middleware.ftl, mx_timeout=-1, exp=templates/wb-defines_where_and_what.txt, ioc=C:\Users\thepr\git\EPCL_FW_MCSDK_001\prj\g474_ihm16m1_EPCL\g474_ihm16m1_EPCL.ioc, pack=assets/MotorControlPack/MotorControl.zip, ftl=templates/wb_ioc_template.ftl}
2025-02-25 21:05:23,374 DEBUG [WB_to_MX.run] Targeted MCU family = G4
2025-02-25 21:05:23,384 DEBUG [WB_to_MX.run] Minimum associated CubeMx to the `6.0.0-a0` targeted MCU family is `G4`
2025-02-25 21:05:56,847 DEBUG [EnvironmentChecker.checkPack] STM32CubeMX.Version: 6.13.0-RC5
2025-02-25 21:05:56,849 DEBUG [RetrieveFirmwareVersion.from_zip] Trying to read Firmware version from zipped version Pack: C:\Program Files (x86)\STMicroelectronics\MC_SDK_6.3.2\Utilities\PC_Software\STMCWB\assets\MotorControlPack\MotorControl.zip
2025-02-25 21:05:56,869 DEBUG [RetrieveFirmwareVersion.minimum_supporte_version] minimum_supporte_version MotorControlFirmware.Version: 6.3.0
2025-02-25 21:05:56,870 DEBUG [PackInfoFactory.deploy_MCPack_to_MxRepo] Deployment strategy class: VersionedFolderStyle_MCPackDeployer
2025-02-25 21:05:56,870 DEBUG [PackInfoFactory.deploy_MCPack_to_MxRepo] Expected MC Pack 6.3.2-Full already deployed
2025-02-25 21:05:56,887 DEBUG [DataSetUpdater.update] Updating data set
2025-02-25 21:05:56,888 DEBUG [DataSetUpdater.update] Update done
2025-02-25 21:05:56,888 INFO  [IocGenerator.logModulesVersionInfo] Version info: 
2025-02-25 21:05:56,899 INFO  [IocGenerator.logModulesVersionInfo]   MC Workbench       : 6.3.2
2025-02-25 21:05:56,899 INFO  [IocGenerator.logModulesVersionInfo]   WB_to_Mx           : 6.2.3.template-24-04-17
2025-02-25 21:05:56,899 INFO  [IocGenerator.logModulesVersionInfo]   STM32CubeMX        : 6.13.0
2025-02-25 21:05:56,900 INFO  [IocGenerator.logModulesVersionInfo]   MC Firmware Library: 6.3.2-Full
2025-02-25 21:05:56,900 INFO  [IocGenerator.logModulesVersionInfo] 
Generation options: 
2025-02-25 21:05:56,900 INFO  [IocGenerator.logModulesVersionInfo]   Target Toolchain   : ST STM32CubeIDE
2025-02-25 21:05:56,901 INFO  [IocGenerator.logModulesVersionInfo]   Target Driver      : LL - Low Level
2025-02-25 21:05:56,901 INFO  [IocGenerator.logModulesVersionInfo]   Target STM32 FW    : 1.6.0

2025-02-25 21:05:56,903 DEBUG [IocGenerator.process] C:\Users\thepr\git\EPCL_FW_MCSDK_001\prj\g474_ihm16m1_EPCL\g474_ihm16m1_EPCL.ioc ioc file: Generating
2025-02-25 21:05:56,904 DEBUG [IocGenerator.createOutput] Generating file from template templates\wb_ioc_template.ftl
2025-02-25 21:05:57,463 DEBUG [IocGenerator.process] ioc file C:\Users\thepr\git\EPCL_FW_MCSDK_001\prj\g474_ihm16m1_EPCL\g474_ihm16m1_EPCL.ioc Generated
2025-02-25 21:05:57,468 INFO  [LineInfo_to_exitCode.log_LineInfo] C:\Users\thepr\git\EPCL_FW_MCSDK_001\prj\g474_ihm16m1_EPCL\g474_ihm16m1_EPCL.ioc ioc: Generated
2025-02-25 21:05:57,496 INFO  [Wb2MxProcess.lambda$copyFolder$e7a869af$1] Folder Copied: C:\Users\thepr\git\EPCL_FW_MCSDK_001\prj\g474_ihm16m1_EPCL\ftl
2025-02-25 21:05:57,547 INFO  [extSettings.lambda$writeContentToFile$f5919002$1] Generated C:\Users\thepr\git\EPCL_FW_MCSDK_001\prj\g474_ihm16m1_EPCL\.extSettings
2025-02-25 21:05:57,550 INFO  [Wb2MxProcess.lambda$run$$19] 
Started STM32CubeMX for final c-code generation
2025-02-25 21:05:57,591 DEBUG [CubeMxRunner.create_code_generation_script_for] Generated CubeMx script file: C:\Users\thepr\AppData\Local\Temp\WB_to_Mx-gihmmepcl-14010952545069771424.script
2025-02-25 21:05:58,064 DEBUG [LineInfo_to_exitCode.log_LineInfo] 2025-02-25 21:05:58,062 [INFO] MicroXplorer:98 - [MX] MX Start == 26674903129100
2025-02-25 21:05:58,064 DEBUG [LineInfo_to_exitCode.log_LineInfo] 2025-02-25 21:05:58,063 [INFO] MicroXplorer:653 - Detected Java Version = 21.0.3
2025-02-25 21:05:58,067 DEBUG [LineInfo_to_exitCode.log_LineInfo] 2025-02-25 21:05:58,067 [INFO] ApplicationProperties:184 - Using Application install path: C:\Program Files\STMicroelectronics\STM32Cube\STM32CubeMX
2025-02-25 21:05:58,074 DEBUG [LineInfo_to_exitCode.log_LineInfo] 2025-02-25 21:05:58,074 [INFO] DbMcusXml:78 - Set database path to: C:\Program Files\STMicroelectronics\STM32Cube\STM32CubeMX\\db\/mcu/
2025-02-25 21:05:58,074 DEBUG [LineInfo_to_exitCode.log_LineInfo] 2025-02-25 21:05:58,074 [INFO] ApiDb:274 - Set plugin database path to: C:\Program Files\STMicroelectronics\STM32Cube\STM32CubeMX\\db\/plugins/boardmanager/
2025-02-25 21:05:58,076 DEBUG [LineInfo_to_exitCode.log_LineInfo] 2025-02-25 21:05:58,076 [INFO] McuFinderGlobals:63 - Set McuFinder mode to 1 (CubeMX integrated)
2025-02-25 21:05:58,080 DEBUG [LineInfo_to_exitCode.log_LineInfo] 2025-02-25 21:05:58,080 [INFO] ApiDb:250 - Set database path to: C:\Users\thepr\.stmcufinder\plugins\mcufinder//mcu/
2025-02-25 21:05:58,081 DEBUG [LineInfo_to_exitCode.log_LineInfo] 2025-02-25 21:05:58,081 [INFO] DbMcusAds:125 - Set database path to: C:\Users\thepr\.stmcufinder\plugins\mcufinder//mcu/
2025-02-25 21:05:58,123 DEBUG [LineInfo_to_exitCode.log_LineInfo] 2025-02-25 21:05:58,122 [INFO] CrossReferenceDbSqlite:203 - Set database path to: C:\Users\thepr\.stmcufinder\plugins\mcufinder//mcu/cs/
2025-02-25 21:05:58,184 DEBUG [LineInfo_to_exitCode.log_LineInfo] 2025-02-25 21:05:58,183 [INFO] RulesReader:64 - Compatibility file has been processed (297 Rules)
2025-02-25 21:05:58,204 DEBUG [LineInfo_to_exitCode.log_LineInfo] 2025-02-25 21:05:58,204 [INFO] STM32CubeMX:60 - Starting STM32CubeMX
2025-02-25 21:05:58,415 DEBUG [LineInfo_to_exitCode.log_LineInfo] 2025-02-25 21:05:58,415 [INFO] MainPanel:272 - HeapMemory: 83886080
2025-02-25 21:05:58,481 DEBUG [LineInfo_to_exitCode.log_LineInfo] 2025-02-25 21:05:58,481 [INFO] DbMcusXml:78 - Set database path to: C:\Program Files\STMicroelectronics\STM32Cube\STM32CubeMX\\db\/mcu/
2025-02-25 21:05:58,481 DEBUG [LineInfo_to_exitCode.log_LineInfo] 2025-02-25 21:05:58,481 [INFO] ApiDb:274 - Set plugin database path to: C:\Program Files\STMicroelectronics\STM32Cube\STM32CubeMX\\db\/plugins/boardmanager/
2025-02-25 21:05:58,482 DEBUG [LineInfo_to_exitCode.log_LineInfo] 2025-02-25 21:05:58,481 [INFO] ApiDb:261 - Set plugin images path to: C:\Program Files\STMicroelectronics\STM32Cube\STM32CubeMX\\db\/plugins/mcufinder/images/
2025-02-25 21:05:58,482 DEBUG [LineInfo_to_exitCode.log_LineInfo] 2025-02-25 21:05:58,482 [INFO] ApiDb:250 - Set database path to: C:\Users\thepr\.stmcufinder\plugins\mcufinder//mcu/
2025-02-25 21:05:58,482 DEBUG [LineInfo_to_exitCode.log_LineInfo] 2025-02-25 21:05:58,482 [INFO] DbMcusAds:125 - Set database path to: C:\Users\thepr\.stmcufinder\plugins\mcufinder//mcu/
2025-02-25 21:05:58,482 DEBUG [LineInfo_to_exitCode.log_LineInfo] 2025-02-25 21:05:58,482 [INFO] CrossReferenceDbSqlite:203 - Set database path to: C:\Users\thepr\.stmcufinder\plugins\mcufinder//mcu/cs/
2025-02-25 21:05:58,492 DEBUG [LineInfo_to_exitCode.log_LineInfo] 2025-02-25 21:05:58,492 [INFO] ApplicationProperties:184 - Using Application install path: C:\Program Files\STMicroelectronics\STM32Cube\STM32CubeMX
2025-02-25 21:05:58,493 DEBUG [LineInfo_to_exitCode.log_LineInfo] 2025-02-25 21:05:58,493 [INFO] PluginManage:196 - Search for loadable plugins [exclusion list=, ]
2025-02-25 21:05:58,495 DEBUG [LineInfo_to_exitCode.log_LineInfo] 2025-02-25 21:05:58,495 [INFO] PluginManage:310 - Check plugin analytics
2025-02-25 21:05:58,720 DEBUG [LineInfo_to_exitCode.log_LineInfo] 2025-02-25 21:05:58,719 [INFO] AnalyticsPlugin:253 - Accepted Software Licenses: 
2025-02-25 21:05:58,720 DEBUG [LineInfo_to_exitCode.log_LineInfo] 2025-02-25 21:05:58,719 [INFO] AnalyticsPlugin:255 - Accepted CMSIS Pack Licenses: 
2025-02-25 21:05:58,720 DEBUG [LineInfo_to_exitCode.log_LineInfo] 2025-02-25 21:05:58,720 [INFO] AnalyticsPlugin:257 - Accepted Firmware Licenses: FW.H7.1.12.0
2025-02-25 21:05:58,723 DEBUG [LineInfo_to_exitCode.log_LineInfo] 2025-02-25 21:05:58,723 [INFO] PluginManage:359 - Loaded plugin analytics (category:tool,tabindex:-1)
2025-02-25 21:05:58,724 DEBUG [LineInfo_to_exitCode.log_LineInfo] 2025-02-25 21:05:58,724 [INFO] PluginManage:310 - Check plugin cadmodel
2025-02-25 21:05:58,745 DEBUG [LineInfo_to_exitCode.log_LineInfo] 2025-02-25 21:05:58,745 [INFO] CADModel:105 - Init CAD model plugin
2025-02-25 21:05:58,745 DEBUG [LineInfo_to_exitCode.log_LineInfo] 2025-02-25 21:05:58,745 [INFO] PluginManage:359 - Loaded plugin cadmodel (category:power,tabindex:5)
2025-02-25 21:05:58,745 DEBUG [LineInfo_to_exitCode.log_LineInfo] 2025-02-25 21:05:58,745 [INFO] PluginManage:310 - Check plugin clock
2025-02-25 21:05:58,754 DEBUG [LineInfo_to_exitCode.log_LineInfo] 2025-02-25 21:05:58,754 [INFO] PluginManage:359 - Loaded plugin clock (category:base,tabindex:2)
2025-02-25 21:05:58,754 DEBUG [LineInfo_to_exitCode.log_LineInfo] 2025-02-25 21:05:58,754 [INFO] PluginManage:310 - Check plugin ddr
2025-02-25 21:05:58,757 DEBUG [LineInfo_to_exitCode.log_LineInfo] 2025-02-25 21:05:58,757 [INFO] PluginManage:359 - Loaded plugin ddr (category:tool,tabindex:6)
2025-02-25 21:05:58,757 DEBUG [LineInfo_to_exitCode.log_LineInfo] 2025-02-25 21:05:58,757 [INFO] PluginManage:310 - Check plugin filemanager
2025-02-25 21:05:58,845 DEBUG [LineInfo_to_exitCode.log_LineInfo] 2025-02-25 21:05:58,845 [INFO] PluginManage:359 - Loaded plugin filemanager (category:base,tabindex:10)
2025-02-25 21:05:58,846 DEBUG [LineInfo_to_exitCode.log_LineInfo] 2025-02-25 21:05:58,845 [INFO] PluginManage:310 - Check plugin ipmanager
2025-02-25 21:05:58,850 DEBUG [LineInfo_to_exitCode.log_LineInfo] 2025-02-25 21:05:58,850 [INFO] PluginManage:359 - Loaded plugin ipmanager (category:base,tabindex:5)
2025-02-25 21:05:58,851 DEBUG [LineInfo_to_exitCode.log_LineInfo] 2025-02-25 21:05:58,850 [INFO] PluginManage:310 - Check plugin lpbam
2025-02-25 21:05:58,854 DEBUG [LineInfo_to_exitCode.log_LineInfo] 2025-02-25 21:05:58,854 [INFO] PluginManage:359 - Loaded plugin lpbam (category:base,tabindex:0)
2025-02-25 21:05:58,854 DEBUG [LineInfo_to_exitCode.log_LineInfo] 2025-02-25 21:05:58,854 [INFO] PluginManage:310 - Check plugin memorymap
2025-02-25 21:05:58,859 DEBUG [LineInfo_to_exitCode.log_LineInfo] 2025-02-25 21:05:58,859 [INFO] PluginManage:359 - Loaded plugin memorymap (category:base,tabindex:4)
2025-02-25 21:05:58,860 DEBUG [LineInfo_to_exitCode.log_LineInfo] 2025-02-25 21:05:58,859 [INFO] PluginManage:310 - Check plugin pinoutandconfiguration
2025-02-25 21:05:58,863 DEBUG [LineInfo_to_exitCode.log_LineInfo] 2025-02-25 21:05:58,863 [INFO] PluginManage:359 - Loaded plugin pinoutandconfiguration (category:base,tabindex:1)
2025-02-25 21:05:58,863 DEBUG [LineInfo_to_exitCode.log_LineInfo] 2025-02-25 21:05:58,863 [INFO] PluginManage:310 - Check plugin pinoutconfig
2025-02-25 21:05:59,015 DEBUG [LineInfo_to_exitCode.log_LineInfo] 2025-02-25 21:05:59,015 [INFO] PluginManage:359 - Loaded plugin pinoutconfig (category:base,tabindex:0)
2025-02-25 21:05:59,015 DEBUG [LineInfo_to_exitCode.log_LineInfo] 2025-02-25 21:05:59,015 [INFO] PluginManage:310 - Check plugin power
2025-02-25 21:05:59,025 DEBUG [LineInfo_to_exitCode.log_LineInfo] 2025-02-25 21:05:59,025 [INFO] PluginManage:359 - Loaded plugin power (category:power,tabindex:4)
2025-02-25 21:05:59,026 DEBUG [LineInfo_to_exitCode.log_LineInfo] 2025-02-25 21:05:59,025 [INFO] PluginManage:310 - Check plugin projectmanager
2025-02-25 21:05:59,071 DEBUG [LineInfo_to_exitCode.log_LineInfo] 2025-02-25 21:05:59,070 [INFO] PluginManage:359 - Loaded plugin projectmanager (category:projectmanager,tabindex:4)
2025-02-25 21:05:59,071 DEBUG [LineInfo_to_exitCode.log_LineInfo] 2025-02-25 21:05:59,070 [INFO] PluginManage:310 - Check plugin rif
2025-02-25 21:05:59,074 DEBUG [LineInfo_to_exitCode.log_LineInfo] 2025-02-25 21:05:59,074 [INFO] PluginManage:359 - Loaded plugin rif (category:base,tabindex:3)
2025-02-25 21:05:59,074 DEBUG [LineInfo_to_exitCode.log_LineInfo] 2025-02-25 21:05:59,074 [INFO] PluginManage:310 - Check plugin thirdparty
2025-02-25 21:05:59,148 DEBUG [LineInfo_to_exitCode.log_LineInfo] 2025-02-25 21:05:59,148 [INFO] IntegrityCheckThread:86 - entering critical section [integrity check]
2025-02-25 21:05:59,149 DEBUG [LineInfo_to_exitCode.log_LineInfo] 2025-02-25 21:05:59,148 [INFO] ThirdPartyUpdaterWithRetryManager:70 - Updater plugin not ready yet. [1/15]
2025-02-25 21:05:59,149 DEBUG [LineInfo_to_exitCode.log_LineInfo] 2025-02-25 21:05:59,149 [INFO] PluginManage:359 - Loaded plugin thirdparty (category:base,tabindex:-1)
2025-02-25 21:05:59,149 DEBUG [LineInfo_to_exitCode.log_LineInfo] 2025-02-25 21:05:59,149 [INFO] PluginManage:310 - Check plugin tools
2025-02-25 21:05:59,152 DEBUG [LineInfo_to_exitCode.log_LineInfo] 2025-02-25 21:05:59,152 [INFO] PluginManage:359 - Loaded plugin tools (category:base,tabindex:7)
2025-02-25 21:05:59,153 DEBUG [LineInfo_to_exitCode.log_LineInfo] 2025-02-25 21:05:59,152 [INFO] PluginManage:310 - Check plugin tutovideos
2025-02-25 21:05:59,235 DEBUG [LineInfo_to_exitCode.log_LineInfo] 2025-02-25 21:05:59,235 [INFO] PluginManage:359 - Loaded plugin tutovideos (category:base,tabindex:-1)
2025-02-25 21:05:59,236 DEBUG [LineInfo_to_exitCode.log_LineInfo] 2025-02-25 21:05:59,235 [INFO] PluginManage:310 - Check plugin updater
2025-02-25 21:05:59,250 DEBUG [LineInfo_to_exitCode.log_LineInfo] 2025-02-25 21:05:59,250 [INFO] PluginManage:359 - Loaded plugin updater (category:base,tabindex:12)
2025-02-25 21:05:59,251 DEBUG [LineInfo_to_exitCode.log_LineInfo] 2025-02-25 21:05:59,250 [INFO] PluginManage:310 - Check plugin userauth
2025-02-25 21:05:59,254 DEBUG [LineInfo_to_exitCode.log_LineInfo] 2025-02-25 21:05:59,254 [INFO] UserAuth:118 - Init User Auth plugin
2025-02-25 21:05:59,254 DEBUG [LineInfo_to_exitCode.log_LineInfo] 2025-02-25 21:05:59,254 [INFO] PluginManage:359 - Loaded plugin userauth (category:base,tabindex:14)
2025-02-25 21:05:59,255 DEBUG [LineInfo_to_exitCode.log_LineInfo] 2025-02-25 21:05:59,255 [INFO] PluginManage:283 - PluginManage : Loaded plugins [18]
2025-02-25 21:05:59,409 DEBUG [LineInfo_to_exitCode.log_LineInfo] 2025-02-25 21:05:59,409 [INFO] PinOutPanel:1589 - setPackage(No Configuration,No Configuration)
2025-02-25 21:05:59,463 DEBUG [LineInfo_to_exitCode.log_LineInfo] 2025-02-25 21:05:59,463 [INFO] CADModel:165 - CPN selected for project level
2025-02-25 21:05:59,464 DEBUG [LineInfo_to_exitCode.log_LineInfo] 2025-02-25 21:05:59,463 [INFO] CADModel:114 - Register for checkConnection events
2025-02-25 21:05:59,470 DEBUG [LineInfo_to_exitCode.log_LineInfo] 2025-02-25 21:05:59,470 [INFO] IPUIPlugin:80 - create IPUIPlugin
2025-02-25 21:05:59,471 DEBUG [LineInfo_to_exitCode.log_LineInfo] 2025-02-25 21:05:59,470 [INFO] PluginManager:220 - loadIPPluginJar : add adc
2025-02-25 21:05:59,471 DEBUG [LineInfo_to_exitCode.log_LineInfo] 2025-02-25 21:05:59,471 [INFO] IPUIPlugin:80 - create IPUIPlugin
2025-02-25 21:05:59,472 DEBUG [LineInfo_to_exitCode.log_LineInfo] 2025-02-25 21:05:59,471 [INFO] PluginManager:220 - loadIPPluginJar : add aes
2025-02-25 21:05:59,473 DEBUG [LineInfo_to_exitCode.log_LineInfo] 2025-02-25 21:05:59,473 [INFO] IPUIPlugin:80 - create IPUIPlugin
2025-02-25 21:05:59,473 DEBUG [LineInfo_to_exitCode.log_LineInfo] 2025-02-25 21:05:59,473 [INFO] PluginManager:220 - loadIPPluginJar : add can
2025-02-25 21:05:59,473 DEBUG [LineInfo_to_exitCode.log_LineInfo] 2025-02-25 21:05:59,473 [INFO] IPUIPlugin:80 - create IPUIPlugin
2025-02-25 21:05:59,474 DEBUG [LineInfo_to_exitCode.log_LineInfo] 2025-02-25 21:05:59,473 [INFO] PluginManager:220 - loadIPPluginJar : add comp
2025-02-25 21:05:59,475 DEBUG [LineInfo_to_exitCode.log_LineInfo] 2025-02-25 21:05:59,474 [INFO] IPUIPlugin:80 - create IPUIPlugin
2025-02-25 21:05:59,475 DEBUG [LineInfo_to_exitCode.log_LineInfo] 2025-02-25 21:05:59,475 [INFO] PluginManager:220 - loadIPPluginJar : add cryp
2025-02-25 21:05:59,476 DEBUG [LineInfo_to_exitCode.log_LineInfo] 2025-02-25 21:05:59,476 [INFO] IPUIPlugin:80 - create IPUIPlugin
2025-02-25 21:05:59,476 DEBUG [LineInfo_to_exitCode.log_LineInfo] 2025-02-25 21:05:59,476 [INFO] PluginManager:220 - loadIPPluginJar : add ddr_ctrl_phy
2025-02-25 21:05:59,477 DEBUG [LineInfo_to_exitCode.log_LineInfo] 2025-02-25 21:05:59,477 [INFO] IPUIPlugin:80 - create IPUIPlugin
2025-02-25 21:05:59,477 DEBUG [LineInfo_to_exitCode.log_LineInfo] 2025-02-25 21:05:59,477 [INFO] PluginManager:220 - loadIPPluginJar : add dfsdm
2025-02-25 21:05:59,480 DEBUG [LineInfo_to_exitCode.log_LineInfo] 2025-02-25 21:05:59,480 [INFO] IPUIPlugin:80 - create IPUIPlugin
2025-02-25 21:05:59,480 DEBUG [LineInfo_to_exitCode.log_LineInfo] 2025-02-25 21:05:59,480 [INFO] PluginManager:220 - loadIPPluginJar : add dma
2025-02-25 21:05:59,482 DEBUG [LineInfo_to_exitCode.log_LineInfo] 2025-02-25 21:05:59,481 [INFO] IPUIPlugin:80 - create IPUIPlugin
2025-02-25 21:05:59,482 DEBUG [LineInfo_to_exitCode.log_LineInfo] 2025-02-25 21:05:59,482 [INFO] PluginManager:220 - loadIPPluginJar : add dma3
2025-02-25 21:05:59,483 DEBUG [LineInfo_to_exitCode.log_LineInfo] 2025-02-25 21:05:59,483 [INFO] IPUIPlugin:80 - create IPUIPlugin
2025-02-25 21:05:59,483 DEBUG [LineInfo_to_exitCode.log_LineInfo] 2025-02-25 21:05:59,483 [INFO] PluginManager:220 - loadIPPluginJar : add extmemmanager
2025-02-25 21:05:59,484 DEBUG [LineInfo_to_exitCode.log_LineInfo] 2025-02-25 21:05:59,484 [INFO] IPUIPlugin:80 - create IPUIPlugin
2025-02-25 21:05:59,484 DEBUG [LineInfo_to_exitCode.log_LineInfo] 2025-02-25 21:05:59,484 [INFO] PluginManager:220 - loadIPPluginJar : add fatfs
2025-02-25 21:05:59,486 DEBUG [LineInfo_to_exitCode.log_LineInfo] 2025-02-25 21:05:59,486 [INFO] IPUIPlugin:80 - create IPUIPlugin
2025-02-25 21:05:59,486 DEBUG [LineInfo_to_exitCode.log_LineInfo] 2025-02-25 21:05:59,486 [INFO] PluginManager:220 - loadIPPluginJar : add fmc
2025-02-25 21:05:59,488 DEBUG [LineInfo_to_exitCode.log_LineInfo] 2025-02-25 21:05:59,488 [INFO] IPUIPlugin:80 - create IPUIPlugin
2025-02-25 21:05:59,488 DEBUG [LineInfo_to_exitCode.log_LineInfo] 2025-02-25 21:05:59,488 [INFO] PluginManager:220 - loadIPPluginJar : add freertos
2025-02-25 21:05:59,489 DEBUG [LineInfo_to_exitCode.log_LineInfo] 2025-02-25 21:05:59,489 [INFO] IPUIPlugin:80 - create IPUIPlugin
2025-02-25 21:05:59,489 DEBUG [LineInfo_to_exitCode.log_LineInfo] 2025-02-25 21:05:59,489 [INFO] PluginManager:220 - loadIPPluginJar : add genericplugin
2025-02-25 21:05:59,490 DEBUG [LineInfo_to_exitCode.log_LineInfo] 2025-02-25 21:05:59,490 [INFO] IPUIPlugin:80 - create IPUIPlugin
2025-02-25 21:05:59,490 DEBUG [LineInfo_to_exitCode.log_LineInfo] 2025-02-25 21:05:59,490 [INFO] PluginManager:220 - loadIPPluginJar : add gfxmmu
2025-02-25 21:05:59,491 DEBUG [LineInfo_to_exitCode.log_LineInfo] 2025-02-25 21:05:59,491 [INFO] IPUIPlugin:80 - create IPUIPlugin
2025-02-25 21:05:59,491 DEBUG [LineInfo_to_exitCode.log_LineInfo] 2025-02-25 21:05:59,491 [INFO] PluginManager:220 - loadIPPluginJar : add gic
2025-02-25 21:05:59,493 DEBUG [LineInfo_to_exitCode.log_LineInfo] 2025-02-25 21:05:59,493 [INFO] IPUIPlugin:80 - create IPUIPlugin
2025-02-25 21:05:59,493 DEBUG [LineInfo_to_exitCode.log_LineInfo] 2025-02-25 21:05:59,493 [INFO] PluginManager:220 - loadIPPluginJar : add gpio
2025-02-25 21:05:59,494 DEBUG [LineInfo_to_exitCode.log_LineInfo] 2025-02-25 21:05:59,494 [INFO] IPUIPlugin:80 - create IPUIPlugin
2025-02-25 21:05:59,494 DEBUG [LineInfo_to_exitCode.log_LineInfo] 2025-02-25 21:05:59,494 [INFO] PluginManager:220 - loadIPPluginJar : add gtzc
2025-02-25 21:05:59,495 DEBUG [LineInfo_to_exitCode.log_LineInfo] 2025-02-25 21:05:59,495 [INFO] IPUIPlugin:80 - create IPUIPlugin
2025-02-25 21:05:59,495 DEBUG [LineInfo_to_exitCode.log_LineInfo] 2025-02-25 21:05:59,495 [INFO] PluginManager:220 - loadIPPluginJar : add hash
2025-02-25 21:05:59,496 DEBUG [LineInfo_to_exitCode.log_LineInfo] 2025-02-25 21:05:59,496 [INFO] IPUIPlugin:80 - create IPUIPlugin
2025-02-25 21:05:59,496 DEBUG [LineInfo_to_exitCode.log_LineInfo] 2025-02-25 21:05:59,496 [INFO] PluginManager:220 - loadIPPluginJar : add i2c
2025-02-25 21:05:59,497 DEBUG [LineInfo_to_exitCode.log_LineInfo] 2025-02-25 21:05:59,497 [INFO] IPUIPlugin:80 - create IPUIPlugin
2025-02-25 21:05:59,497 DEBUG [LineInfo_to_exitCode.log_LineInfo] 2025-02-25 21:05:59,497 [INFO] PluginManager:220 - loadIPPluginJar : add i2s
2025-02-25 21:05:59,498 DEBUG [LineInfo_to_exitCode.log_LineInfo] 2025-02-25 21:05:59,498 [INFO] IPUIPlugin:80 - create IPUIPlugin
2025-02-25 21:05:59,498 DEBUG [LineInfo_to_exitCode.log_LineInfo] 2025-02-25 21:05:59,498 [INFO] PluginManager:220 - loadIPPluginJar : add i3c
2025-02-25 21:05:59,500 DEBUG [LineInfo_to_exitCode.log_LineInfo] 2025-02-25 21:05:59,500 [INFO] IPUIPlugin:80 - create IPUIPlugin
2025-02-25 21:05:59,500 DEBUG [LineInfo_to_exitCode.log_LineInfo] 2025-02-25 21:05:59,500 [INFO] PluginManager:220 - loadIPPluginJar : add ipddr
2025-02-25 21:05:59,503 DEBUG [LineInfo_to_exitCode.log_LineInfo] 2025-02-25 21:05:59,502 [INFO] IPUIPlugin:80 - create IPUIPlugin
2025-02-25 21:05:59,503 DEBUG [LineInfo_to_exitCode.log_LineInfo] 2025-02-25 21:05:59,502 [INFO] PluginManager:220 - loadIPPluginJar : add linkedlist
2025-02-25 21:05:59,504 DEBUG [LineInfo_to_exitCode.log_LineInfo] 2025-02-25 21:05:59,503 [INFO] IPUIPlugin:80 - create IPUIPlugin
2025-02-25 21:05:59,504 DEBUG [LineInfo_to_exitCode.log_LineInfo] 2025-02-25 21:05:59,503 [INFO] PluginManager:220 - loadIPPluginJar : add lorawan
2025-02-25 21:05:59,504 DEBUG [LineInfo_to_exitCode.log_LineInfo] 2025-02-25 21:05:59,504 [INFO] IPUIPlugin:80 - create IPUIPlugin
2025-02-25 21:05:59,505 DEBUG [LineInfo_to_exitCode.log_LineInfo] 2025-02-25 21:05:59,504 [INFO] PluginManager:220 - loadIPPluginJar : add ltdc
2025-02-25 21:05:59,507 DEBUG [LineInfo_to_exitCode.log_LineInfo] 2025-02-25 21:05:59,507 [INFO] IPUIPlugin:80 - create IPUIPlugin
2025-02-25 21:05:59,508 DEBUG [LineInfo_to_exitCode.log_LineInfo] 2025-02-25 21:05:59,507 [INFO] PluginManager:220 - loadIPPluginJar : add mdma
2025-02-25 21:05:59,509 DEBUG [LineInfo_to_exitCode.log_LineInfo] 2025-02-25 21:05:59,509 [INFO] IPUIPlugin:80 - create IPUIPlugin
2025-02-25 21:05:59,509 DEBUG [LineInfo_to_exitCode.log_LineInfo] 2025-02-25 21:05:59,509 [INFO] PluginManager:220 - loadIPPluginJar : add nvic
2025-02-25 21:05:59,511 DEBUG [LineInfo_to_exitCode.log_LineInfo] 2025-02-25 21:05:59,510 [INFO] IPUIPlugin:80 - create IPUIPlugin
2025-02-25 21:05:59,511 DEBUG [LineInfo_to_exitCode.log_LineInfo] 2025-02-25 21:05:59,511 [INFO] PluginManager:220 - loadIPPluginJar : add opamp
2025-02-25 21:05:59,512 DEBUG [LineInfo_to_exitCode.log_LineInfo] 2025-02-25 21:05:59,512 [INFO] IPUIPlugin:80 - create IPUIPlugin
2025-02-25 21:05:59,512 DEBUG [LineInfo_to_exitCode.log_LineInfo] 2025-02-25 21:05:59,512 [INFO] PluginManager:220 - loadIPPluginJar : add openamp
2025-02-25 21:05:59,513 DEBUG [LineInfo_to_exitCode.log_LineInfo] 2025-02-25 21:05:59,513 [INFO] IPUIPlugin:80 - create IPUIPlugin
2025-02-25 21:05:59,513 DEBUG [LineInfo_to_exitCode.log_LineInfo] 2025-02-25 21:05:59,513 [INFO] PluginManager:220 - loadIPPluginJar : add pdm2pcm
2025-02-25 21:05:59,515 DEBUG [LineInfo_to_exitCode.log_LineInfo] 2025-02-25 21:05:59,515 [INFO] IPUIPlugin:80 - create IPUIPlugin
2025-02-25 21:05:59,516 DEBUG [LineInfo_to_exitCode.log_LineInfo] 2025-02-25 21:05:59,516 [INFO] PluginManager:220 - loadIPPluginJar : add plateformsettings
2025-02-25 21:05:59,517 DEBUG [LineInfo_to_exitCode.log_LineInfo] 2025-02-25 21:05:59,517 [INFO] IPUIPlugin:80 - create IPUIPlugin
2025-02-25 21:05:59,517 DEBUG [LineInfo_to_exitCode.log_LineInfo] 2025-02-25 21:05:59,517 [INFO] PluginManager:220 - loadIPPluginJar : add quadspi
2025-02-25 21:05:59,518 DEBUG [LineInfo_to_exitCode.log_LineInfo] 2025-02-25 21:05:59,518 [INFO] IPUIPlugin:80 - create IPUIPlugin
2025-02-25 21:05:59,518 DEBUG [LineInfo_to_exitCode.log_LineInfo] 2025-02-25 21:05:59,518 [INFO] PluginManager:220 - loadIPPluginJar : add radio
2025-02-25 21:05:59,519 DEBUG [LineInfo_to_exitCode.log_LineInfo] 2025-02-25 21:05:59,519 [INFO] IPUIPlugin:80 - create IPUIPlugin
2025-02-25 21:05:59,519 DEBUG [LineInfo_to_exitCode.log_LineInfo] 2025-02-25 21:05:59,519 [INFO] PluginManager:220 - loadIPPluginJar : add resmgrutility
2025-02-25 21:05:59,520 DEBUG [LineInfo_to_exitCode.log_LineInfo] 2025-02-25 21:05:59,520 [INFO] IPUIPlugin:80 - create IPUIPlugin
2025-02-25 21:05:59,520 DEBUG [LineInfo_to_exitCode.log_LineInfo] 2025-02-25 21:05:59,520 [INFO] PluginManager:220 - loadIPPluginJar : add sai
2025-02-25 21:05:59,521 DEBUG [LineInfo_to_exitCode.log_LineInfo] 2025-02-25 21:05:59,521 [INFO] IPUIPlugin:80 - create IPUIPlugin
2025-02-25 21:05:59,521 DEBUG [LineInfo_to_exitCode.log_LineInfo] 2025-02-25 21:05:59,521 [INFO] PluginManager:220 - loadIPPluginJar : add spi
2025-02-25 21:05:59,523 DEBUG [LineInfo_to_exitCode.log_LineInfo] 2025-02-25 21:05:59,523 [INFO] IPUIPlugin:80 - create IPUIPlugin
2025-02-25 21:05:59,523 DEBUG [LineInfo_to_exitCode.log_LineInfo] 2025-02-25 21:05:59,523 [INFO] PluginManager:220 - loadIPPluginJar : add stm32_wpan
2025-02-25 21:05:59,524 DEBUG [LineInfo_to_exitCode.log_LineInfo] 2025-02-25 21:05:59,524 [INFO] IPUIPlugin:80 - create IPUIPlugin
2025-02-25 21:05:59,524 DEBUG [LineInfo_to_exitCode.log_LineInfo] 2025-02-25 21:05:59,524 [INFO] PluginManager:220 - loadIPPluginJar : add tim
2025-02-25 21:05:59,525 DEBUG [LineInfo_to_exitCode.log_LineInfo] 2025-02-25 21:05:59,525 [INFO] IPUIPlugin:80 - create IPUIPlugin
2025-02-25 21:05:59,525 DEBUG [LineInfo_to_exitCode.log_LineInfo] 2025-02-25 21:05:59,525 [INFO] PluginManager:220 - loadIPPluginJar : add touchsensing
2025-02-25 21:05:59,527 DEBUG [LineInfo_to_exitCode.log_LineInfo] 2025-02-25 21:05:59,527 [INFO] IPUIPlugin:80 - create IPUIPlugin
2025-02-25 21:05:59,527 DEBUG [LineInfo_to_exitCode.log_LineInfo] 2025-02-25 21:05:59,527 [INFO] PluginManager:220 - loadIPPluginJar : add tracer_emb
2025-02-25 21:05:59,527 DEBUG [LineInfo_to_exitCode.log_LineInfo] 2025-02-25 21:05:59,527 [INFO] IPUIPlugin:80 - create IPUIPlugin
2025-02-25 21:05:59,527 DEBUG [LineInfo_to_exitCode.log_LineInfo] 2025-02-25 21:05:59,527 [INFO] PluginManager:220 - loadIPPluginJar : add ts
2025-02-25 21:05:59,528 DEBUG [LineInfo_to_exitCode.log_LineInfo] 2025-02-25 21:05:59,528 [INFO] IPUIPlugin:80 - create IPUIPlugin
2025-02-25 21:05:59,528 DEBUG [LineInfo_to_exitCode.log_LineInfo] 2025-02-25 21:05:59,528 [INFO] PluginManager:220 - loadIPPluginJar : add tsc
2025-02-25 21:05:59,529 DEBUG [LineInfo_to_exitCode.log_LineInfo] 2025-02-25 21:05:59,529 [INFO] IPUIPlugin:80 - create IPUIPlugin
2025-02-25 21:05:59,529 DEBUG [LineInfo_to_exitCode.log_LineInfo] 2025-02-25 21:05:59,529 [INFO] PluginManager:220 - loadIPPluginJar : add ucpd
2025-02-25 21:05:59,530 DEBUG [LineInfo_to_exitCode.log_LineInfo] 2025-02-25 21:05:59,530 [INFO] IPUIPlugin:80 - create IPUIPlugin
2025-02-25 21:05:59,530 DEBUG [LineInfo_to_exitCode.log_LineInfo] 2025-02-25 21:05:59,530 [INFO] PluginManager:220 - loadIPPluginJar : add usart
2025-02-25 21:05:59,531 DEBUG [LineInfo_to_exitCode.log_LineInfo] 2025-02-25 21:05:59,531 [INFO] IPUIPlugin:80 - create IPUIPlugin
2025-02-25 21:05:59,531 DEBUG [LineInfo_to_exitCode.log_LineInfo] 2025-02-25 21:05:59,531 [INFO] PluginManager:220 - loadIPPluginJar : add usbx
2025-02-25 21:05:59,542 DEBUG [LineInfo_to_exitCode.log_LineInfo] 2025-02-25 21:05:59,542 [INFO] Updater:1134 - Updater Version found : 6.13.0
2025-02-25 21:05:59,550 DEBUG [LineInfo_to_exitCode.log_LineInfo] 2025-02-25 21:05:59,550 [INFO] ApplicationProperties:184 - Using Application install path: C:\Program Files\STMicroelectronics\STM32Cube\STM32CubeMX
2025-02-25 21:05:59,628 DEBUG [LineInfo_to_exitCode.log_LineInfo] 2025-02-25 21:05:59,628 [INFO] MainUpdater:2872 - connection check result : 10
2025-02-25 21:05:59,629 DEBUG [LineInfo_to_exitCode.log_LineInfo] 2025-02-25 21:05:59,628 [INFO] MainUpdater:289 - Updater Check For Update Now.
2025-02-25 21:05:59,629 DEBUG [LineInfo_to_exitCode.log_LineInfo] 2025-02-25 21:05:59,629 [INFO] MicroXplorer:498 - Change Database Version : DB.6.0.130
2025-02-25 21:05:59,760 DEBUG [LineInfo_to_exitCode.log_LineInfo] 2025-02-25 21:05:59,760 [INFO] RulesReader:64 - Compatibility file has been processed (297 Rules)
2025-02-25 21:05:59,767 DEBUG [LineInfo_to_exitCode.log_LineInfo] 2025-02-25 21:05:59,766 [INFO] RulesReader:64 - Compatibility file has been processed (297 Rules)
2025-02-25 21:05:59,774 DEBUG [LineInfo_to_exitCode.log_LineInfo] 2025-02-25 21:05:59,774 [INFO] CADModel:165 - CPN selected for project level
2025-02-25 21:05:59,775 DEBUG [LineInfo_to_exitCode.log_LineInfo] 2025-02-25 21:05:59,774 [INFO] CADModel:114 - Register for checkConnection events
2025-02-25 21:05:59,820 DEBUG [LineInfo_to_exitCode.log_LineInfo] 2025-02-25 21:05:59,820 [INFO] CheckServerUpdateThread:120 - End of CheckServer Thread
2025-02-25 21:05:59,902 DEBUG [LineInfo_to_exitCode.log_LineInfo] 2025-02-25 21:05:59,902 [INFO] CADModel:165 - CPN selected for project level
2025-02-25 21:05:59,902 DEBUG [LineInfo_to_exitCode.log_LineInfo] 2025-02-25 21:05:59,902 [INFO] CADModel:114 - Register for checkConnection events
2025-02-25 21:05:59,939 DEBUG [LineInfo_to_exitCode.log_LineInfo] 2025-02-25 21:05:59,939 [INFO] HomeAdPanel:106 - Auto-refresh data requested => check proxy status ongoing
2025-02-25 21:06:00,204 DEBUG [LineInfo_to_exitCode.log_LineInfo] 2025-02-25 21:06:00,203 [INFO] ServerAccessManage:473 - Download File 
2025-02-25 21:06:00,206 DEBUG [LineInfo_to_exitCode.log_LineInfo] 2025-02-25 21:06:00,205 [INFO] LoadUrlFilesThread:185 - End of LoadServerUrlFiles without Thread
2025-02-25 21:06:00,209 DEBUG [LineInfo_to_exitCode.log_LineInfo] 2025-02-25 21:06:00,209 [INFO] DbMcusAds:53 - JSON generation date=Wed Dec 18 01:01:15 KST 2024 (1734451275111)
2025-02-25 21:06:00,210 DEBUG [LineInfo_to_exitCode.log_LineInfo] 2025-02-25 21:06:00,210 [INFO] LoadUrlFilesThread:185 - End of LoadServerUrlFiles without Thread
2025-02-25 21:06:00,210 DEBUG [LineInfo_to_exitCode.log_LineInfo] 2025-02-25 21:06:00,210 [INFO] HomeAdPanel:117 - Refresh advertisement image is successful
2025-02-25 21:06:00,235 DEBUG [LineInfo_to_exitCode.log_LineInfo] 2025-02-25 21:06:00,235 [INFO] LoadUrlFilesThread:185 - End of LoadServerUrlFiles without Thread
2025-02-25 21:06:00,240 DEBUG [LineInfo_to_exitCode.log_LineInfo] 2025-02-25 21:06:00,240 [INFO] DetailPanel:341 - Set advertising image to C:/Users/thepr/STM32Cube/Repository/\en.prom-stm32n6-mcu-finder.png
2025-02-25 21:06:00,962 DEBUG [LineInfo_to_exitCode.log_LineInfo] 2025-02-25 21:06:00,962 [INFO] LoadUrlFilesThread:185 - End of LoadServerUrlFiles without Thread
2025-02-25 21:06:01,046 DEBUG [LineInfo_to_exitCode.log_LineInfo] 2025-02-25 21:06:01,046 [INFO] LoadUrlFilesThread:185 - End of LoadServerUrlFiles without Thread
2025-02-25 21:06:01,046 DEBUG [LineInfo_to_exitCode.log_LineInfo] 2025-02-25 21:06:01,046 [INFO] DetailPanel:341 - Set advertising image to C:/Users/thepr/STM32Cube/Repository/\en.prom-stm32n6-mcu-finder.png
2025-02-25 21:06:01,200 DEBUG [LineInfo_to_exitCode.log_LineInfo] 2025-02-25 21:06:01,200 [INFO] ServerAccessManage:473 - Download File 
2025-02-25 21:06:01,201 DEBUG [LineInfo_to_exitCode.log_LineInfo] 2025-02-25 21:06:01,201 [INFO] LoadUrlFilesThread:185 - End of LoadServerUrlFiles without Thread
2025-02-25 21:06:01,202 DEBUG [LineInfo_to_exitCode.log_LineInfo] 2025-02-25 21:06:01,201 [INFO] ComparatorMD5DB:85 - Refresh file md5.xml
2025-02-25 21:06:01,345 DEBUG [LineInfo_to_exitCode.log_LineInfo] 2025-02-25 21:06:01,345 [INFO] MainFrame:202 - [MX] HOME_PANEL == 26678189002500
2025-02-25 21:06:01,347 DEBUG [LineInfo_to_exitCode.log_LineInfo] 2025-02-25 21:06:01,346 [INFO] MainFrame:537 - Register for checkConnection events
2025-02-25 21:06:01,347 DEBUG [LineInfo_to_exitCode.log_LineInfo] 2025-02-25 21:06:01,347 [INFO] UserAuth:486 - Internet connection configuration mode: 1
2025-02-25 21:06:01,356 DEBUG [LineInfo_to_exitCode.log_LineInfo] 2025-02-25 21:06:01,355 [INFO] JxBrowserEngine:152 - Initiate JxBrowser Engine with user profile folder
2025-02-25 21:06:01,395 DEBUG [LineInfo_to_exitCode.log_LineInfo] 2025-02-25 21:06:01,395 [INFO] MicroXplorer:468 - Change Database Path : 
2025-02-25 21:06:01,395 DEBUG [LineInfo_to_exitCode.log_LineInfo] 2025-02-25 21:06:01,395 [INFO] MicroXplorer:498 - Change Database Version : DB.6.0.130
2025-02-25 21:06:01,722 DEBUG [LineInfo_to_exitCode.log_LineInfo] 2025-02-25 21:06:01,721 [INFO] WebApp:168 - Instantiating new browser for Auth
2025-02-25 21:06:02,078 DEBUG [LineInfo_to_exitCode.log_LineInfo] 2025-02-25 21:06:02,078 [INFO] WebApp:449 - Apply proxy settings
2025-02-25 21:06:02,078 DEBUG [LineInfo_to_exitCode.log_LineInfo] 2025-02-25 21:06:02,078 [INFO] WebApp:534 - Chromium requires no authentication
2025-02-25 21:06:02,083 DEBUG [LineInfo_to_exitCode.log_LineInfo] 2025-02-25 21:06:02,083 [INFO] WebApp:477 - Direct internet connection detected
2025-02-25 21:06:02,094 DEBUG [LineInfo_to_exitCode.log_LineInfo] 2025-02-25 21:06:02,094 [INFO] WebApp:880 - Register for checkConnection events
2025-02-25 21:06:02,095 DEBUG [LineInfo_to_exitCode.log_LineInfo] 2025-02-25 21:06:02,094 [INFO] WebApp:449 - Apply proxy settings
2025-02-25 21:06:02,095 DEBUG [LineInfo_to_exitCode.log_LineInfo] 2025-02-25 21:06:02,094 [INFO] WebApp:534 - Chromium requires no authentication
2025-02-25 21:06:02,095 DEBUG [LineInfo_to_exitCode.log_LineInfo] 2025-02-25 21:06:02,095 [INFO] WebApp:477 - Direct internet connection detected
2025-02-25 21:06:02,354 DEBUG [LineInfo_to_exitCode.log_LineInfo] 2025-02-25 21:06:02,353 [INFO] WebApp:221 - Starting web application
2025-02-25 21:06:02,354 DEBUG [LineInfo_to_exitCode.log_LineInfo] 2025-02-25 21:06:02,353 [INFO] WebApp:579 - Web application path used jar:file:/C:/Program%20Files/STMicroelectronics/STM32Cube/STM32CubeMX/STM32CubeMX.exe!/db/plugins/mcufinder/reactClient1/index.html
2025-02-25 21:06:02,523 DEBUG [LineInfo_to_exitCode.log_LineInfo] 2025-02-25 21:06:02,522 [INFO] WebApp:187 - Connection restablished
2025-02-25 21:06:02,705 DEBUG [LineInfo_to_exitCode.log_LineInfo] 2025-02-25 21:06:02,705 [INFO] ThirdParty:978 - Integrity check success = true
2025-02-25 21:06:02,705 DEBUG [LineInfo_to_exitCode.log_LineInfo] 2025-02-25 21:06:02,705 [INFO] IntegrityCheckThread:100 - exiting critical section [integrity check]
2025-02-25 21:06:02,705 DEBUG [LineInfo_to_exitCode.log_LineInfo] 2025-02-25 21:06:02,705 [INFO] IntegrityCheckThread:103 - End integrity checks thread
2025-02-25 21:06:02,705 DEBUG [LineInfo_to_exitCode.log_LineInfo] 2025-02-25 21:06:02,705 [INFO] ThirdParty:873 - entering critical section [close project]
2025-02-25 21:06:02,707 DEBUG [LineInfo_to_exitCode.log_LineInfo] 2025-02-25 21:06:02,707 [INFO] ThirdParty:883 - exiting critical section [close project]
2025-02-25 21:06:02,712 DEBUG [LineInfo_to_exitCode.log_LineInfo] 2025-02-25 21:06:02,711 [INFO] PinOutPanel:1589 - setPackage(No Configuration,No Configuration)
2025-02-25 21:06:02,728 DEBUG [LineInfo_to_exitCode.log_LineInfo] 2025-02-25 21:06:02,728 [INFO] UtilMem:75 - Begin LoadConfig() Used Memory: 248350104 Bytes (310378496)
2025-02-25 21:06:02,733 DEBUG [LineInfo_to_exitCode.log_LineInfo] 2025-02-25 21:06:02,733 [INFO] MicroXplorer:468 - Change Database Path : 
2025-02-25 21:06:02,733 DEBUG [LineInfo_to_exitCode.log_LineInfo] 2025-02-25 21:06:02,733 [INFO] MicroXplorer:498 - Change Database Version : DB.6.0.130
2025-02-25 21:06:02,733 DEBUG [LineInfo_to_exitCode.log_LineInfo] 2025-02-25 21:06:02,733 [INFO] OpenFileManager:332 - Change cursor
2025-02-25 21:06:02,762 DEBUG [LineInfo_to_exitCode.log_LineInfo] 2025-02-25 21:06:02,762 [INFO] Mcu:2035 - Initializing MCU STM32G474R(B-C-E)Tx STM32G474RETx 
2025-02-25 21:06:02,861 DEBUG [LineInfo_to_exitCode.log_LineInfo] 2025-02-25 21:06:02,860 [INFO] ApiDb:581 - Connected to CubeFinder SQLite database (C:\Users\thepr\.stmcufinder\plugins\mcufinder\mcu\cube-finder-db.db)
2025-02-25 21:06:02,909 DEBUG [LineInfo_to_exitCode.log_LineInfo] 2025-02-25 21:06:02,908 [INFO] ApiDb:668 - CubeFinder database Data Model version=2.1
2025-02-25 21:06:02,909 DEBUG [LineInfo_to_exitCode.log_LineInfo] 2025-02-25 21:06:02,909 [INFO] ApiDb:669 - CubeFinder database Configuration version=3.0.39
2025-02-25 21:06:02,909 DEBUG [LineInfo_to_exitCode.log_LineInfo] 2025-02-25 21:06:02,909 [INFO] ApiDb:670 - CubeFinder database generation date=2025-02-07 (1738919966)
2025-02-25 21:06:02,909 DEBUG [LineInfo_to_exitCode.log_LineInfo] 2025-02-25 21:06:02,909 [INFO] ApiDb:671 - CubeFinder database FW Pack versions=[FP-ATR-ASTRA1_V2.0.0, FP-SNS-FLIGHT1_V5.0.2, FP-SNS-MOTENV1_V5.0.0, FP-SNS-MOTENVWB1_V1.4.0, FP-SNS-SMARTAG2_V1.2.0, FP-SNS-STBOX1_V2.0.0, STM32Cube_FW_C0_V1.3.0, STM32Cube_FW_F4_V1.28.1, STM32Cube_FW_F7_V1.17.2, STM32Cube_FW_G0_V1.6.2, STM32Cube_FW_G4_V1.6.1, STM32Cube_FW_H5_V1.4.0, STM32Cube_FW_H7RS_V1.1.0, STM32Cube_FW_H7_V1.12.0, STM32Cube_FW_L0_V1.12.2, STM32Cube_FW_L4_V1.18.1, STM32Cube_FW_L5_V1.5.1, STM32Cube_FW_N6_V1.0.0, STM32Cube_FW_U0_V1.2.0, STM32Cube_FW_U3_V1.0.0, STM32Cube_FW_U5_V1.7.0, STM32Cube_FW_WB0_V1.1.0, STM32Cube_FW_WBA_V1.5.0, STM32Cube_FW_WB_V1.21.0, STM32Cube_FW_WL3_V1.0.0, STM32Cube_FW_WL_V1.3.0, X-CUBE-ALGOBUILD_V1.4.0, X-CUBE-ALS_V1.0.2, X-CUBE-AZRTOS-F4_V1.1.0, X-CUBE-AZRTOS-F7_V1.1.0, X-CUBE-AZRTOS-G0_V1.1.0, X-CUBE-AZRTOS-G4_V2.0.0, X-CUBE-AZRTOS-H7RS_V1.0.0, X-CUBE-AZRTOS-H7_V3.3.0, X-CUBE-AZRTOS-L4_V2.0.0, X-CUBE-AZRTOS-L5_V2.0.0, X-CUBE-AZRTOS-WB_V2.0.0, X-CUBE-AZRTOS-WL_V2.0.0, X-CUBE-BLE1_V7.0.0, X-CUBE-BLE2_V3.3.0, X-CUBE-BLEMGR_V4.0.0, X-CUBE-EEPRMA1_V5.1.0, X-CUBE-FREERTOS_V1.2.0, X-CUBE-GNSS1_V6.0.0, X-CUBE-MEMS1_V11.1.0, X-CUBE-NFC4_V3.0.0, X-CUBE-NFC7_V1.0.1, X-CUBE-SFXS2LP1_V4.0.0, X-CUBE-SUBG2_V5.0.0, X-CUBE-TOF1_V3.4.2]
2025-02-25 21:06:04,129 DEBUG [LineInfo_to_exitCode.log_LineInfo] 2025-02-25 21:06:04,128 [INFO] ApiDb:240 - Found 858 in-development CPN: [B-G473E-ZEST1S, B-WB1M-WPAN1, B-WBA5M-WPAN, B-WL5M-SUBG1, NUCLEO-C031C6, NUCLEO-C051C8, NUCLEO-C071RB, NUCLEO-C092RC, NUCLEO-H503RB, NUCLEO-H533RE, NUCLEO-H563ZI, NUCLEO-H7S3L8, NUCLEO-N657X0-Q, NUCLEO-U031R8, NUCLEO-U083RC, NUCLEO-U385RG-Q, NUCLEO-U545RE-Q, NUCLEO-U5A5ZJ-Q, NUCLEO-WB05KZ, NUCLEO-WB07CC, NUCLEO-WB09KE, NUCLEO-WBA52CG, NUCLEO-WBA55CG, NUCLEO-WL33CC1, NUCLEO-WL33CC2, STEVAL-PROTEUS1, STEVAL-SMARTAG2, STEVAL-STWINBX1, STM320518-EVAL, STM32C0116-DK, STM32C011D6Y3TR, STM32C011D6Y6TR, STM32C011F4P3, STM32C011F4P6, STM32C011F4U3, STM32C011F4U6TR, STM32C011F6P3, STM32C011F6P6, STM32C011F6U3, STM32C011F6U6TR, STM32C011J4M3, STM32C011J4M6, STM32C011J6M3, STM32C011J6M6, STM32C0316-DK, STM32C031C4T3, STM32C031C4T6, STM32C031C4U3, STM32C031C4U6, STM32C031C6T3, STM32C031C6T6, STM32C031C6U3, STM32C031C6U6, STM32C031F4P3, STM32C031F4P6, STM32C031F6P3, STM32C031F6P6, STM32C031G4U3, STM32C031G4U6, STM32C031G6U3, STM32C031G6U6, STM32C031K4T3, STM32C031K4T6, STM32C031K4U3, STM32C031K4U6, STM32C031K6T3, STM32C031K6T6, STM32C031K6U3, STM32C031K6U6, STM32C051C6T6, STM32C051C6U6, STM32C051C8T6, STM32C051C8U6, STM32C051D8Y6TR, STM32C051F6P6, STM32C051F8P6, STM32C051G6U6, STM32C051G8U6, STM32C051K6T6, STM32C051K6U6, STM32C051K8T6, STM32C071C8T6, STM32C071C8T6N, STM32C071C8U6, STM32C071C8U6N, STM32C071CBT6, STM32C071CBT6N, STM32C071CBU6, STM32C071CBU6N, STM32C071F8P6, STM32C071F8P6N, STM32C071FBP6, STM32C071FBP6N, STM32C071FBY6TR, STM32C071G8U6, STM32C071G8U6N, STM32C071GBU6, STM32C071GBU6N, STM32C071K8T6, STM32C071K8T6N, STM32C071K8U6, STM32C071K8U6N, STM32C071KBT6, STM32C071KBT6N, STM32C071KBU6, STM32C071KBU6N, STM32C071R8T6, STM32C071R8T6N, STM32C071RBI6N, STM32C071RBT6, STM32C071RBT6N, STM32C091CBT6, STM32C091CBU6, STM32C091CCT6, STM32C091CCU6, STM32C091ECY6TR, STM32C091FBP6, STM32C091FCP6, STM32C091GBU6, STM32C091GCU6, STM32C091KBT6, STM32C091KBU6, STM32C091KCT6, STM32C091KCU6, STM32C091RBT6, STM32C091RCI6, STM32C091RCT6, STM32C092CBT6, STM32C092CBU6, STM32C092CCT6, STM32C092CCU6, STM32C092ECY6TR, STM32C092FBP6, STM32C092FCP6, STM32C092GBU6, STM32C092GCU6, STM32C092KBT6, STM32C092KBU6, STM32C092KCT6, STM32C092KCU6, STM32C092RBT6, STM32C092RCI6, STM32C092RCT6, STM32G071K8TXN, STM32G071K8UXN, STM32G081GBU6N, STM32G081KBT6N, STM32G081KBUXN, STM32G0B1CCT6N, STM32G0B1KCT6, STM32G0B1NEY6TR, STM32G0B1RCT6N, STM32G0C1CCT6, STM32G0C1CCT6N, STM32G0C1CCU6N, STM32G0C1CET6N, STM32G0C1CEU6N, STM32G0C1KCT6, STM32G0C1NEY6TR, STM32G0C1RCI6N, STM32G0C1RCT6N, STM32G0C1REI6N, STM32G0C1RET6N, STM32G0C1VCI6, STM32G0C1VEI6, STM32G411C6T3, STM32G411C6T6, STM32G411C6U3, STM32G411C6U6, STM32G411C8T3, STM32G411C8T6, STM32G411C8U3, STM32G411C8U6, STM32G411CBT3, STM32G411CBT6, STM32G411CBU3, STM32G411CBU6, STM32G411CCT3, STM32G411CCT6, STM32G411CCU3, STM32G411CCU6, STM32G411K6T3, STM32G411K6T6, STM32G411K6U3, STM32G411K6U6, STM32G411K8T3, STM32G411K8T6, STM32G411K8U3, STM32G411K8U6, STM32G411KBT3, STM32G411KBT6, STM32G411KBU3, STM32G411KBU6, STM32G411M6T3, STM32G411M6T6, STM32G411M8T3, STM32G411M8T6, STM32G411MBT3, STM32G411MBT6, STM32G411MCT3, STM32G411MCT6, STM32G411R6T3, STM32G411R6T6, STM32G411R8T3, STM32G411R8T6, STM32G411RBT3, STM32G411RBT6, STM32G411RCT3, STM32G411RCT6, STM32G414CBT3, STM32G414CBT6, STM32G414CBU3, STM32G414CBU6, STM32G414CCT3, STM32G414CCT6, STM32G414CCU3, STM32G414CCU6, STM32G414MBT3, STM32G414MBT6, STM32G414MCT3, STM32G414MCT6, STM32G414RBT3, STM32G414RBT6, STM32G414RCT3, STM32G414RCT6, STM32G414VBT3, STM32G414VBT6, STM32G414VCT3, STM32G414VCT6, STM32G431CBT3Z, STM32G431RBT3Z, STM32G471CCT6, STM32G471CCU6, STM32G471CET3, STM32G471CET6, STM32G471CEU3, STM32G471CEU6, STM32G471MCT6, STM32G471MET3, STM32G471MET6, STM32G471MEY6TR, STM32G471QCT6, STM32G471QET3, STM32G471RCT6, STM32G471RET3, STM32G471RET6, STM32G471VCH6, STM32G471VCI6, STM32G471VCT6, STM32G471VEH3, STM32G471VEH6, STM32G471VEI3, STM32G471VEI6, STM32G471VET3, STM32G471VET6, STM32G473QET3Z, STM32G473RET3Z, STM32G474CCT6, STM32G491RET3Z, STM32H503CBT6, STM32H503CBU6, STM32H503EBY6TR, STM32H503KBU6, STM32H503RBT6, STM32H523CCT6, STM32H523CCU6, STM32H523CET6, STM32H523CEU6, STM32H523HEY6TR, STM32H523RCT6, STM32H523RET6, STM32H523VCI6, STM32H523VCT6, STM32H523VEI6, STM32H523VET6, STM32H523ZCJ6, STM32H523ZCT6, STM32H523ZEJ6, STM32H523ZET6, STM32H533CET6, STM32H533CEU6, STM32H533HEY6TR, STM32H533RET6, STM32H533VEI6, STM32H533VET6, STM32H533ZEJ6, STM32H533ZET6, STM32H562AGI6, STM32H562AII6, STM32H562IGK6, STM32H562IGT6, STM32H562IIK6, STM32H562IIT6, STM32H562RGT6, STM32H562RGV6, STM32H562RIT6, STM32H562RIV6, STM32H562VGT6, STM32H562VIT6, STM32H562ZGT6, STM32H562ZIT6, STM32H563AGI6, STM32H563AII3Q, STM32H563AII6, STM32H563IGK6, STM32H563IGT6, STM32H563IIK3Q, STM32H563IIK6, STM32H563IIT3Q, STM32H563IIT6, STM32H563MIY3QTR, STM32H563RGT6, STM32H563RGV6, STM32H563RIT6, STM32H563RIV6, STM32H563VGT6, STM32H563VIT3Q, STM32H563VIT6, STM32H563ZGT6, STM32H563ZIT3Q, STM32H563ZIT6, STM32H573AII3Q, STM32H573AII6, STM32H573I-DK, STM32H573IIK3Q, STM32H573IIK6, STM32H573IIT3Q, STM32H573IIT6, STM32H573MIY3QTR, STM32H573RIT6, STM32H573RIV6, STM32H573VIT3Q, STM32H573VIT6, STM32H573ZIT3Q, STM32H573ZIT6, STM32H7R3A8I6, STM32H7R3I8K6, STM32H7R3I8T6, STM32H7R3L8H6, STM32H7R3L8H6H, STM32H7R3R8V6, STM32H7R3V8H6, STM32H7R3V8T6, STM32H7R3V8Y6TR, STM32H7R3Z8J6, STM32H7R3Z8T6, STM32H7R7A8I6, STM32H7R7I8K6, STM32H7R7I8T6, STM32H7R7L8H6, STM32H7R7L8H6H, STM32H7R7Z8J6, STM32H7S3A8I6, STM32H7S3I8K6, STM32H7S3I8T6, STM32H7S3L8H6, STM32H7S3L8H6H, STM32H7S3R8V6, STM32H7S3V8H6, STM32H7S3V8T6, STM32H7S3V8Y6TR, STM32H7S3Z8J6, STM32H7S3Z8T6, STM32H7S78-DK, STM32H7S7A8I6, STM32H7S7I8K6, STM32H7S7I8T6, STM32H7S7L8H6, STM32H7S7L8H6H, STM32H7S7Z8J6, STM32L4R5QGI6STR, STM32MP131AAE3, STM32MP131AAF3, STM32MP131AAG3, STM32MP131CAE3, STM32MP131CAF3, STM32MP131CAG3, STM32MP131DAE7, STM32MP131DAF7, STM32MP131DAG7, STM32MP131FAE7, STM32MP131FAF7, STM32MP131FAG7, STM32MP133AAE3, STM32MP133AAF3, STM32MP133AAG3, STM32MP133CAE3, STM32MP133CAF3, STM32MP133CAG3, STM32MP133DAE7, STM32MP133DAF7, STM32MP133DAG7, STM32MP133FAE7, STM32MP133FAF7, STM32MP133FAG7, STM32MP135AAE3, STM32MP135AAF3, STM32MP135AAG3, STM32MP135CAE3, STM32MP135CAF3, STM32MP135CAG3, STM32MP135DAE7, STM32MP135DAF7, STM32MP135DAG7, STM32MP135F-DK, STM32MP135FAE7, STM32MP135FAF7, STM32MP135FAF7T, STM32MP135FAF7U, STM32MP135FAG7, STM32MP231AAJ3, STM32MP231AAK3, STM32MP231AAL3, STM32MP231CAJ3, STM32MP231CAK3, STM32MP231CAL3, STM32MP231DAJ3, STM32MP231DAK3, STM32MP231DAL3, STM32MP231FAJ3, STM32MP231FAK3, STM32MP231FAL3, STM32MP233AAJ3, STM32MP233AAK3, STM32MP233AAL3, STM32MP233CAJ3, STM32MP233CAK3, STM32MP233CAL3, STM32MP233DAJ3, STM32MP233DAK3, STM32MP233DAL3, STM32MP233FAJ3, STM32MP233FAK3, STM32MP233FAL3, STM32MP235AAJ3, STM32MP235AAK3, STM32MP235AAL3, STM32MP235CAJ3, STM32MP235CAK3, STM32MP235CAL3, STM32MP235DAJ3, STM32MP235DAK3, STM32MP235DAL3, STM32MP235FAJ3, STM32MP235FAK3, STM32MP235FAL3, STM32MP251AAI3, STM32MP251AAJ3, STM32MP251AAK3, STM32MP251AAL3, STM32MP251CAI3, STM32MP251CAJ3, STM32MP251CAK3, STM32MP251CAL3, STM32MP251DAI3, STM32MP251DAJ3, STM32MP251DAK3, STM32MP251DAL3, STM32MP251FAI3, STM32MP251FAJ3, STM32MP251FAK3, STM32MP251FAL3, STM32MP253AAI3, STM32MP253AAJ3, STM32MP253AAK3, STM32MP253AAL3, STM32MP253CAI3, STM32MP253CAJ3, STM32MP253CAK3, STM32MP253CAL3, STM32MP253DAI3, STM32MP253DAJ3, STM32MP253DAK3, STM32MP253DAL3, STM32MP253FAI3, STM32MP253FAJ3, STM32MP253FAK3, STM32MP253FAL3, STM32MP255AAI3, STM32MP255AAJ3, STM32MP255AAK3, STM32MP255AAL3, STM32MP255CAI3, STM32MP255CAJ3, STM32MP255CAK3, STM32MP255CAL3, STM32MP255DAI3, STM32MP255DAJ3, STM32MP255DAK3, STM32MP255DAL3, STM32MP255FAI3, STM32MP255FAJ3, STM32MP255FAK3, STM32MP255FAL3, STM32MP257AAI3, STM32MP257AAJ3, STM32MP257AAK3, STM32MP257AAL3, STM32MP257CAI3, STM32MP257CAJ3, STM32MP257CAK3, STM32MP257CAL3, STM32MP257DAI3, STM32MP257DAJ3, STM32MP257DAK3, STM32MP257DAL3, STM32MP257F-DK, STM32MP257F-EV1, STM32MP257FAI3, STM32MP257FAJ3, STM32MP257FAK3, STM32MP257FAL3, STM32N645A0H3Q, STM32N645B0H3Q, STM32N645I0H3Q, STM32N645L0H3Q, STM32N645X0H3Q, STM32N645Z0H3Q, STM32N647A0H3Q, STM32N647B0H3Q, STM32N647I0H3Q, STM32N647L0H3Q, STM32N647X0H3Q, STM32N647Z0H3Q, STM32N655A0H3Q, STM32N655B0H3Q, STM32N655I0H3Q, STM32N655L0H3Q, STM32N655X0H3Q, STM32N655Z0H3Q, STM32N6570-DK, STM32N657A0H3Q, STM32N657B0H3Q, STM32N657I0H3Q, STM32N657L0H3Q, STM32N657X0H3Q, STM32N657Z0H3Q, STM32U031C6T6, STM32U031C6U6, STM32U031C8T6, STM32U031C8U6, STM32U031F4P6, STM32U031F6P6, STM32U031F8P6, STM32U031G6Y6TR, STM32U031G8Y6TR, STM32U031K4U6, STM32U031K6U6, STM32U031K8U6, STM32U031R6I6, STM32U031R6T6, STM32U031R8I6, STM32U031R8T6, STM32U073C8T6, STM32U073C8U6, STM32U073CBT6, STM32U073CBU6, STM32U073CCT6, STM32U073CCU6, STM32U073H8Y6TR, STM32U073HBY6TR, STM32U073HCY6TR, STM32U073K8U6, STM32U073KBU6, STM32U073KCU6, STM32U073M8I6, STM32U073M8T6, STM32U073MBI6, STM32U073MBT6, STM32U073MCI6, STM32U073MCT6, STM32U073R8I6, STM32U073R8T6, STM32U073RBI6, STM32U073RBT6, STM32U073RCI6, STM32U073RCT6, STM32U083C-DK, STM32U083CCT6, STM32U083CCU6, STM32U083HCY6TR, STM32U083KCU6, STM32U083MCI6, STM32U083MCT6, STM32U083RCI6, STM32U083RCT6, STM32U375CET6, STM32U375CET6Q, STM32U375CEU6, STM32U375CEU6Q, STM32U375CEY6QTR, STM32U375CGT6, STM32U375CGT6Q, STM32U375CGU6, STM32U375CGU6Q, STM32U375CGY6QTR, STM32U375KEU6, STM32U375KGU6, STM32U375REI6, STM32U375REI6Q, STM32U375RET6, STM32U375RET6Q, STM32U375REY6GTR, STM32U375REY6QTR, STM32U375RGI6, STM32U375RGI6Q, STM32U375RGT6, STM32U375RGT6Q, STM32U375RGY6GTR, STM32U375RGY6QTR, STM32U375VEI6, STM32U375VEI6Q, STM32U375VET6, STM32U375VET6Q, STM32U375VGI6, STM32U375VGI6Q, STM32U375VGT6, STM32U375VGT6Q, STM32U385CGT6, STM32U385CGT6Q, STM32U385CGU6, STM32U385CGU6Q, STM32U385CGY6QTR, STM32U385KGU6, STM32U385RGI6, STM32U385RGI6Q, STM32U385RGT6, STM32U385RGT6Q, STM32U385RGY6GTR, STM32U385RGY6QTR, STM32U385VGI6, STM32U385VGI6Q, STM32U385VGT6, STM32U385VGT6Q, STM32U535CBT6, STM32U535CBT6Q, STM32U535CBU6, STM32U535CBU6Q, STM32U535CCT6, STM32U535CCT6Q, STM32U535CCU6, STM32U535CCU6Q, STM32U535CET6, STM32U535CET6Q, STM32U535CEU6, STM32U535CEU6Q, STM32U535JEY6QTR, STM32U535NCY6QTR, STM32U535NEY6QTR, STM32U535RBI6, STM32U535RBI6Q, STM32U535RBT6, STM32U535RBT6Q, STM32U535RCI6, STM32U535RCI6Q, STM32U535RCT6, STM32U535RCT6Q, STM32U535REI6, STM32U535REI6Q, STM32U535RET6, STM32U535RET6Q, STM32U535VCI6, STM32U535VCI6Q, STM32U535VCT6, STM32U535VCT6Q, STM32U535VEI6, STM32U535VEI6Q, STM32U535VET6, STM32U535VET6Q, STM32U545CET6, STM32U545CET6Q, STM32U545CEU6, STM32U545CEU6Q, STM32U545JEY6QTR, STM32U545NEY6QTR, STM32U545REI6, STM32U545REI6Q, STM32U545RET6, STM32U545RET6Q, STM32U545VEI6, STM32U545VEI6Q, STM32U545VET6, STM32U545VET6Q, STM32U595AIH6, STM32U595AIH6Q, STM32U595AJH6, STM32U595AJH6Q, STM32U595QII6, STM32U595QII6Q, STM32U595QJI6, STM32U595QJI6Q, STM32U595RIT6, STM32U595RIT6Q, STM32U595RJT6, STM32U595RJT6Q, STM32U595VIT6, STM32U595VIT6Q, STM32U595VJT6, STM32U595VJT6Q, STM32U595ZIT6, STM32U595ZIT6Q, STM32U595ZIY6QTR, STM32U595ZJT6, STM32U595ZJT6Q, STM32U595ZJY6QTR, STM32U599BJY6QTR, STM32U599NIH6Q, STM32U599NJH6Q, STM32U599VIT6Q, STM32U599VJT6, STM32U599VJT6Q, STM32U599ZIT6Q, STM32U599ZIY6QTR, STM32U599ZJT6Q, STM32U599ZJY6QTR, STM32U5A5AJH6, STM32U5A5AJH6Q, STM32U5A5QII3Q , STM32U5A5QJI6, STM32U5A5QJI6Q, STM32U5A5RJT6, STM32U5A5RJT6Q, STM32U5A5VJT6, STM32U5A5VJT6Q, STM32U5A5ZJT6, STM32U5A5ZJT6Q, STM32U5A5ZJY6QTR, STM32U5A9BJY6QTR, STM32U5A9J-DK, STM32U5A9NJH6Q, STM32U5A9VJT6Q, STM32U5A9ZJT6Q, STM32U5A9ZJY6QTR, STM32U5F7VIT6, STM32U5F7VIT6Q, STM32U5F7VJT6, STM32U5F7VJT6Q, STM32U5F9BJY6QTR, STM32U5F9NJH6Q, STM32U5F9VIT6Q, STM32U5F9VJT6Q, STM32U5F9ZIJ6QTR, STM32U5F9ZIT6Q, STM32U5F9ZJJ6QTR, STM32U5F9ZJT6Q, STM32U5G7VJT6, STM32U5G7VJT6Q, STM32U5G9BJY6QTR, STM32U5G9J-DK1, STM32U5G9J-DK2, STM32U5G9NJH6Q, STM32U5G9VJT6Q, STM32U5G9ZJJ6QTR, STM32U5G9ZJT6Q, STM32WB05KZV6TR, STM32WB05KZV7TR, STM32WB05TZF6TR, STM32WB05TZF7TR, STM32WB06CCF6TR, STM32WB06CCF7TR, STM32WB06CCV6TR, STM32WB06CCV7TR, STM32WB06KCV6TR, STM32WB06KCV7TR, STM32WB07CCF6TR, STM32WB07CCF7TR, STM32WB07CCV6TR, STM32WB07CCV7TR, STM32WB07KCV6TR, STM32WB07KCV7TR, STM32WB09KEV6TR, STM32WB09KEV7TR, STM32WB09TEF6TR, STM32WB09TEF7TR, STM32WB1MMCH6, STM32WBA50KGU6, STM32WBA50KGU6TR, STM32WBA52CEU6, STM32WBA52CEU6TR, STM32WBA52CEU7, STM32WBA52CEU7TR, STM32WBA52CGU6, STM32WBA52CGU6TR, STM32WBA52CGU6U, STM32WBA52CGU7, STM32WBA52CGU7TR, STM32WBA52KEU6, STM32WBA52KEU6TR, STM32WBA52KGU6, STM32WBA52KGU6TR, STM32WBA54CEU6, STM32WBA54CEU6TR, STM32WBA54CEU7, STM32WBA54CEU7TR, STM32WBA54CGU6, STM32WBA54CGU6TR, STM32WBA54CGU7, STM32WBA54CGU7TR, STM32WBA54KEU6, STM32WBA54KEU6TR, STM32WBA54KEU7, STM32WBA54KEU7TR, STM32WBA54KGU6, STM32WBA54KGU6TR, STM32WBA54KGU7, STM32WBA54KGU7TR, STM32WBA55CEU6, STM32WBA55CEU6TR, STM32WBA55CEU7, STM32WBA55CEU7TR, STM32WBA55CGU6, STM32WBA55CGU6TR, STM32WBA55CGU6U, STM32WBA55CGU7, STM32WBA55CGU7TR, STM32WBA55G-DK1, STM32WBA55HEF6, STM32WBA55HEF7, STM32WBA55HGF6, STM32WBA55HGF7, STM32WBA55UEI6, STM32WBA55UEI6TR, STM32WBA55UEI7, STM32WBA55UEI7TR, STM32WBA55UGI6, STM32WBA55UGI6TR, STM32WBA55UGI7, STM32WBA55UGI7TR, STM32WBA5MJGH6TR, STM32WBA5MJGH6U, STM32WL33C8V6, STM32WL33C8V6TR, STM32WL33C8V7, STM32WL33C8V7TR, STM32WL33CBV6, STM32WL33CBV6TR, STM32WL33CBV7, STM32WL33CBV7TR, STM32WL33CCV6, STM32WL33CCV6TR, STM32WL33CCV7, STM32WL33CCV7A, STM32WL33CCV7ATR, STM32WL33CCV7TR, STM32WL33K8V6, STM32WL33K8V6TR, STM32WL33K8V7, STM32WL33K8V7TR, STM32WL33KBV6, STM32WL33KBV6TR, STM32WL33KBV7, STM32WL33KBV7TR, STM32WL33KCV6, STM32WL33KCV6TR, STM32WL33KCV7, STM32WL33KCV7TR, STM32WL5MOCH6, STM32WL5MOCH6TR]
2025-02-25 21:06:04,133 DEBUG [LineInfo_to_exitCode.log_LineInfo] 2025-02-25 21:06:04,133 [INFO] DbMcus:218 - Found 4545 MCUs, 4545 are supported
2025-02-25 21:06:04,134 DEBUG [LineInfo_to_exitCode.log_LineInfo] 2025-02-25 21:06:04,134 [INFO] ApiDb:414 - User favorites file not found: C:\Users\thepr/.stm32cubemx/favorites.mcus.txt
2025-02-25 21:06:04,134 DEBUG [LineInfo_to_exitCode.log_LineInfo] 2025-02-25 21:06:04,134 [INFO] DbMcus:224 - Set 0 / 0 favorites MCUs
2025-02-25 21:06:04,293 DEBUG [LineInfo_to_exitCode.log_LineInfo] 2025-02-25 21:06:04,293 [INFO] Mcu:2050 - No CPN specified => set CPN to STM32G474RET3
2025-02-25 21:06:06,566 DEBUG [LineInfo_to_exitCode.log_LineInfo] 2025-02-25 21:06:06,566 [INFO] Context:748 - Trying to add GPIOservice into a context  which must be forbidden
2025-02-25 21:06:07,493 DEBUG [LineInfo_to_exitCode.log_LineInfo] 2025-02-25 21:06:07,493 [INFO] ImportTextPane:218 - (OptionalMessage_ERROR) Unable to find key (Mcu.ThirdPartyNb) in loaded IOC file
2025-02-25 21:06:07,554 DEBUG [LineInfo_to_exitCode.log_LineInfo] 2025-02-25 21:06:07,553 [INFO] ImportTextPane:218 - (OptionalMessage_INFO) Successful Mode recovery for pin (PA4) with mode (Connected to external pin only)
2025-02-25 21:06:07,609 DEBUG [LineInfo_to_exitCode.log_LineInfo] 2025-02-25 21:06:07,609 [INFO] ImportTextPane:218 - (OptionalMessage_INFO) Successful Mode recovery for pin (PA5) with mode (Connected to external pin only)
2025-02-25 21:06:07,677 DEBUG [LineInfo_to_exitCode.log_LineInfo] 2025-02-25 21:06:07,677 [INFO] RtosManager:555 - Registered RTOS mode: class=CMSIS, group=RTOS, mode=CMSIS_V1, owner=FREERTOS
2025-02-25 21:06:07,677 DEBUG [LineInfo_to_exitCode.log_LineInfo] 2025-02-25 21:06:07,677 [INFO] RtosManager:555 - Registered RTOS mode: class=CMSIS, group=RTOS2, mode=CMSIS_V2, owner=FREERTOS
2025-02-25 21:06:07,677 DEBUG [LineInfo_to_exitCode.log_LineInfo] 2025-02-25 21:06:07,677 [INFO] RtosManager:555 - Registered RTOS mode: class=RTOS, group=Core, mode=CMSIS_V1, owner=FREERTOS
2025-02-25 21:06:07,677 DEBUG [LineInfo_to_exitCode.log_LineInfo] 2025-02-25 21:06:07,677 [INFO] RtosManager:555 - Registered RTOS mode: class=RTOS, group=Core, mode=CMSIS_V2, owner=FREERTOS
2025-02-25 21:06:07,751 DEBUG [LineInfo_to_exitCode.log_LineInfo] 2025-02-25 21:06:07,751 [INFO] ThirdPartyModel:298 - Start build external matchings
2025-02-25 21:06:07,936 DEBUG [LineInfo_to_exitCode.log_LineInfo] 2025-02-25 21:06:07,936 [INFO] ThirdPartyModel:316 - End build external matchings
2025-02-25 21:06:07,955 DEBUG [LineInfo_to_exitCode.log_LineInfo] 2025-02-25 21:06:07,954 [INFO] ImportTextPane:218 - (OptionalMessage_ERROR) IP (DAC1) : Invalid parameter (DAC_OutputBuffer2)
2025-02-25 21:06:07,955 DEBUG [LineInfo_to_exitCode.log_LineInfo] 2025-02-25 21:06:07,955 [INFO] ImportTextPane:218 - (OptionalMessage_ERROR) IP (DMA) : Parameter (Instance) has Id (USART2_RX) currently not set
2025-02-25 21:06:07,955 DEBUG [LineInfo_to_exitCode.log_LineInfo] 2025-02-25 21:06:07,955 [INFO] ImportTextPane:218 - (OptionalMessage_ERROR) IP (DMA) : Parameter (Request) has Id (USART2_RX) currently not set
2025-02-25 21:06:07,955 DEBUG [LineInfo_to_exitCode.log_LineInfo] 2025-02-25 21:06:07,955 [INFO] ImportTextPane:218 - (OptionalMessage_ERROR) IP (DMA) : Parameter (Direction) has Id (USART2_RX) currently not set
2025-02-25 21:06:07,955 DEBUG [LineInfo_to_exitCode.log_LineInfo] 2025-02-25 21:06:07,955 [INFO] ImportTextPane:218 - (OptionalMessage_ERROR) IP (DMA) : Parameter (PeriphInc) has Id (USART2_RX) currently not set
2025-02-25 21:06:07,955 DEBUG [LineInfo_to_exitCode.log_LineInfo] 2025-02-25 21:06:07,955 [INFO] ImportTextPane:218 - (OptionalMessage_ERROR) IP (DMA) : Parameter (MemInc) has Id (USART2_RX) currently not set
2025-02-25 21:06:07,955 DEBUG [LineInfo_to_exitCode.log_LineInfo] 2025-02-25 21:06:07,955 [INFO] ImportTextPane:218 - (OptionalMessage_ERROR) IP (DMA) : Parameter (PeriphDataAlignment) has Id (USART2_RX) currently not set
2025-02-25 21:06:07,955 DEBUG [LineInfo_to_exitCode.log_LineInfo] 2025-02-25 21:06:07,955 [INFO] ImportTextPane:218 - (OptionalMessage_ERROR) IP (DMA) : Parameter (MemDataAlignment) has Id (USART2_RX) currently not set
2025-02-25 21:06:07,956 DEBUG [LineInfo_to_exitCode.log_LineInfo] 2025-02-25 21:06:07,955 [INFO] ImportTextPane:218 - (OptionalMessage_ERROR) IP (DMA) : Parameter (Mode) has Id (USART2_RX) currently not set
2025-02-25 21:06:07,956 DEBUG [LineInfo_to_exitCode.log_LineInfo] 2025-02-25 21:06:07,955 [INFO] ImportTextPane:218 - (OptionalMessage_ERROR) IP (DMA) : Parameter (Priority) has Id (USART2_RX) currently not set
2025-02-25 21:06:07,956 DEBUG [LineInfo_to_exitCode.log_LineInfo] 2025-02-25 21:06:07,955 [INFO] ImportTextPane:218 - (OptionalMessage_ERROR) IP (DMA) : Parameter (Instance) has Id (USART2_TX) currently not set
2025-02-25 21:06:07,956 DEBUG [LineInfo_to_exitCode.log_LineInfo] 2025-02-25 21:06:07,955 [INFO] ImportTextPane:218 - (OptionalMessage_ERROR) IP (DMA) : Parameter (Request) has Id (USART2_TX) currently not set
2025-02-25 21:06:07,956 DEBUG [LineInfo_to_exitCode.log_LineInfo] 2025-02-25 21:06:07,955 [INFO] ImportTextPane:218 - (OptionalMessage_ERROR) IP (DMA) : Parameter (Direction) has Id (USART2_TX) currently not set
2025-02-25 21:06:07,956 DEBUG [LineInfo_to_exitCode.log_LineInfo] 2025-02-25 21:06:07,955 [INFO] ImportTextPane:218 - (OptionalMessage_ERROR) IP (DMA) : Parameter (PeriphInc) has Id (USART2_TX) currently not set
2025-02-25 21:06:07,956 DEBUG [LineInfo_to_exitCode.log_LineInfo] 2025-02-25 21:06:07,955 [INFO] ImportTextPane:218 - (OptionalMessage_ERROR) IP (DMA) : Parameter (MemInc) has Id (USART2_TX) currently not set
2025-02-25 21:06:07,956 DEBUG [LineInfo_to_exitCode.log_LineInfo] 2025-02-25 21:06:07,955 [INFO] ImportTextPane:218 - (OptionalMessage_ERROR) IP (DMA) : Parameter (PeriphDataAlignment) has Id (USART2_TX) currently not set
2025-02-25 21:06:07,956 DEBUG [LineInfo_to_exitCode.log_LineInfo] 2025-02-25 21:06:07,955 [INFO] ImportTextPane:218 - (OptionalMessage_ERROR) IP (DMA) : Parameter (MemDataAlignment) has Id (USART2_TX) currently not set
2025-02-25 21:06:07,956 DEBUG [LineInfo_to_exitCode.log_LineInfo] 2025-02-25 21:06:07,955 [INFO] ImportTextPane:218 - (OptionalMessage_ERROR) IP (DMA) : Parameter (Mode) has Id (USART2_TX) currently not set
2025-02-25 21:06:07,956 DEBUG [LineInfo_to_exitCode.log_LineInfo] 2025-02-25 21:06:07,955 [INFO] ImportTextPane:218 - (OptionalMessage_ERROR) IP (DMA) : Parameter (Priority) has Id (USART2_TX) currently not set
2025-02-25 21:06:07,983 DEBUG [LineInfo_to_exitCode.log_LineInfo] 2025-02-25 21:06:07,982 [INFO] ImportTextPane:218 - (OptionalMessage_ERROR) IP (MotorControl) : Invalid parameter (ADC_AHBPERIPH)
2025-02-25 21:06:07,983 DEBUG [LineInfo_to_exitCode.log_LineInfo] 2025-02-25 21:06:07,983 [INFO] ImportTextPane:218 - (OptionalMessage_ERROR) IP (MotorControl) : Invalid parameter (BUS_VOLTAGE_READING)
2025-02-25 21:06:07,983 DEBUG [LineInfo_to_exitCode.log_LineInfo] 2025-02-25 21:06:07,983 [INFO] ImportTextPane:218 - (OptionalMessage_ERROR) IP (MotorControl) : Invalid parameter (CCMRAM_ENABLED)
2025-02-25 21:06:07,983 DEBUG [LineInfo_to_exitCode.log_LineInfo] 2025-02-25 21:06:07,983 [INFO] ImportTextPane:218 - (OptionalMessage_ERROR) IP (MotorControl) : Invalid parameter (CLOCK_FREQUENCY)
2025-02-25 21:06:07,983 DEBUG [LineInfo_to_exitCode.log_LineInfo] 2025-02-25 21:06:07,983 [INFO] ImportTextPane:218 - (OptionalMessage_ERROR) IP (MotorControl) : Invalid parameter (CLOCK_SOURCE)
2025-02-25 21:06:07,983 DEBUG [LineInfo_to_exitCode.log_LineInfo] 2025-02-25 21:06:07,983 [INFO] ImportTextPane:218 - (OptionalMessage_ERROR) IP (MotorControl) : Invalid parameter (CPU_CLK_170_MHZ)
2025-02-25 21:06:07,983 DEBUG [LineInfo_to_exitCode.log_LineInfo] 2025-02-25 21:06:07,983 [INFO] ImportTextPane:218 - (OptionalMessage_ERROR) IP (MotorControl) : Invalid parameter (CURR_SAMPLING_TIME)
2025-02-25 21:06:07,983 DEBUG [LineInfo_to_exitCode.log_LineInfo] 2025-02-25 21:06:07,983 [INFO] ImportTextPane:218 - (OptionalMessage_ERROR) IP (MotorControl) : Invalid parameter (CURRENT_READING_TOPOLOGY)
2025-02-25 21:06:07,983 DEBUG [LineInfo_to_exitCode.log_LineInfo] 2025-02-25 21:06:07,983 [INFO] ImportTextPane:218 - (OptionalMessage_ERROR) IP (MotorControl) : Invalid parameter (DAC_NAME)
2025-02-25 21:06:07,983 DEBUG [LineInfo_to_exitCode.log_LineInfo] 2025-02-25 21:06:07,983 [INFO] ImportTextPane:218 - (OptionalMessage_ERROR) IP (MotorControl) : Invalid parameter (DEBUG_DAC_CH1)
2025-02-25 21:06:07,983 DEBUG [LineInfo_to_exitCode.log_LineInfo] 2025-02-25 21:06:07,983 [INFO] ImportTextPane:218 - (OptionalMessage_ERROR) IP (MotorControl) : Invalid parameter (DEBUG_DAC_CH2)
2025-02-25 21:06:07,983 DEBUG [LineInfo_to_exitCode.log_LineInfo] 2025-02-25 21:06:07,983 [INFO] ImportTextPane:218 - (OptionalMessage_ERROR) IP (MotorControl) : Invalid parameter (DP_EMERGENCY_STOP_GPIO_PIN)
2025-02-25 21:06:07,983 DEBUG [LineInfo_to_exitCode.log_LineInfo] 2025-02-25 21:06:07,983 [INFO] ImportTextPane:218 - (OptionalMessage_ERROR) IP (MotorControl) : Invalid parameter (DP_EMERGENCY_STOP_GPIO_PORT)
2025-02-25 21:06:07,983 DEBUG [LineInfo_to_exitCode.log_LineInfo] 2025-02-25 21:06:07,983 [INFO] ImportTextPane:218 - (OptionalMessage_ERROR) IP (MotorControl) : Invalid parameter (DRIVE_TYPE)
2025-02-25 21:06:07,983 DEBUG [LineInfo_to_exitCode.log_LineInfo] 2025-02-25 21:06:07,983 [INFO] ImportTextPane:218 - (OptionalMessage_ERROR) IP (MotorControl) : Invalid parameter (DRIVES_NUMBER_SELECTION)
2025-02-25 21:06:07,984 DEBUG [LineInfo_to_exitCode.log_LineInfo] 2025-02-25 21:06:07,983 [INFO] ImportTextPane:218 - (OptionalMessage_ERROR) IP (MotorControl) : Invalid parameter (ENCODER_AVAILABLE)
2025-02-25 21:06:07,984 DEBUG [LineInfo_to_exitCode.log_LineInfo] 2025-02-25 21:06:07,983 [INFO] ImportTextPane:218 - (OptionalMessage_ERROR) IP (MotorControl) : Invalid parameter (ENCODER_PPR)
2025-02-25 21:06:07,984 DEBUG [LineInfo_to_exitCode.log_LineInfo] 2025-02-25 21:06:07,983 [INFO] ImportTextPane:218 - (OptionalMessage_ERROR) IP (MotorControl) : Invalid parameter (EXT_CLK_24_MHZ)
2025-02-25 21:06:07,984 DEBUG [LineInfo_to_exitCode.log_LineInfo] 2025-02-25 21:06:07,984 [INFO] ImportTextPane:218 - (OptionalMessage_ERROR) IP (MotorControl) : Invalid parameter (EXT_CLOCK_FREQUENCY)
2025-02-25 21:06:07,984 DEBUG [LineInfo_to_exitCode.log_LineInfo] 2025-02-25 21:06:07,984 [INFO] ImportTextPane:218 - (OptionalMessage_ERROR) IP (MotorControl) : Invalid parameter (FEEDBACK_NET_FILTERING)
2025-02-25 21:06:07,984 DEBUG [LineInfo_to_exitCode.log_LineInfo] 2025-02-25 21:06:07,984 [INFO] ImportTextPane:218 - (OptionalMessage_ERROR) IP (MotorControl) : Invalid parameter (FLASH_SIZE)
2025-02-25 21:06:07,984 DEBUG [LineInfo_to_exitCode.log_LineInfo] 2025-02-25 21:06:07,984 [INFO] ImportTextPane:218 - (OptionalMessage_ERROR) IP (MotorControl) : Invalid parameter (HALL_SENSORS_AVAILABLE)
2025-02-25 21:06:07,984 DEBUG [LineInfo_to_exitCode.log_LineInfo] 2025-02-25 21:06:07,984 [INFO] ImportTextPane:218 - (OptionalMessage_ERROR) IP (MotorControl) : Invalid parameter (HW_COMPLEMENTED_LOW_SIDE)
2025-02-25 21:06:07,984 DEBUG [LineInfo_to_exitCode.log_LineInfo] 2025-02-25 21:06:07,984 [INFO] ImportTextPane:218 - (OptionalMessage_ERROR) IP (MotorControl) : Invalid parameter (HW_DEAD_TIME_NS)
2025-02-25 21:06:07,984 DEBUG [LineInfo_to_exitCode.log_LineInfo] 2025-02-25 21:06:07,984 [INFO] ImportTextPane:218 - (OptionalMessage_ERROR) IP (MotorControl) : Invalid parameter (HWV_CS)
2025-02-25 21:06:07,985 DEBUG [LineInfo_to_exitCode.log_LineInfo] 2025-02-25 21:06:07,984 [INFO] ImportTextPane:218 - (OptionalMessage_ERROR) IP (MotorControl) : Invalid parameter (HWV_DP)
2025-02-25 21:06:07,985 DEBUG [LineInfo_to_exitCode.log_LineInfo] 2025-02-25 21:06:07,984 [INFO] ImportTextPane:218 - (OptionalMessage_ERROR) IP (MotorControl) : Invalid parameter (HWV_POTENTIOMETER)
2025-02-25 21:06:07,985 DEBUG [LineInfo_to_exitCode.log_LineInfo] 2025-02-25 21:06:07,984 [INFO] ImportTextPane:218 - (OptionalMessage_ERROR) IP (MotorControl) : Invalid parameter (HWV_PWM)
2025-02-25 21:06:07,985 DEBUG [LineInfo_to_exitCode.log_LineInfo] 2025-02-25 21:06:07,984 [INFO] ImportTextPane:218 - (OptionalMessage_ERROR) IP (MotorControl) : Invalid parameter (IPs)
2025-02-25 21:06:07,985 DEBUG [LineInfo_to_exitCode.log_LineInfo] 2025-02-25 21:06:07,984 [INFO] ImportTextPane:218 - (OptionalMessage_ERROR) IP (MotorControl) : Invalid parameter (LOW_SIDE_SIGNALS_ENABLING)
2025-02-25 21:06:07,985 DEBUG [LineInfo_to_exitCode.log_LineInfo] 2025-02-25 21:06:07,984 [INFO] ImportTextPane:218 - (OptionalMessage_ERROR) IP (MotorControl) : Invalid parameter (M1_CURRENT_AMPLIFICATION_TOPO)
2025-02-25 21:06:07,985 DEBUG [LineInfo_to_exitCode.log_LineInfo] 2025-02-25 21:06:07,984 [INFO] ImportTextPane:218 - (OptionalMessage_ERROR) IP (MotorControl) : Invalid parameter (M1_DC_CURRENT_RS_MEAS)
2025-02-25 21:06:07,985 DEBUG [LineInfo_to_exitCode.log_LineInfo] 2025-02-25 21:06:07,984 [INFO] ImportTextPane:218 - (OptionalMessage_ERROR) IP (MotorControl) : Invalid parameter (M1_DP_BKIN_FILTER)
2025-02-25 21:06:07,985 DEBUG [LineInfo_to_exitCode.log_LineInfo] 2025-02-25 21:06:07,984 [INFO] ImportTextPane:218 - (OptionalMessage_ERROR) IP (MotorControl) : Invalid parameter (M1_DP_BKIN_MODE)
2025-02-25 21:06:07,985 DEBUG [LineInfo_to_exitCode.log_LineInfo] 2025-02-25 21:06:07,984 [INFO] ImportTextPane:218 - (OptionalMessage_ERROR) IP (MotorControl) : Invalid parameter (M1_DP_BKIN_POLARITY)
2025-02-25 21:06:07,985 DEBUG [LineInfo_to_exitCode.log_LineInfo] 2025-02-25 21:06:07,984 [INFO] ImportTextPane:218 - (OptionalMessage_ERROR) IP (MotorControl) : Invalid parameter (M1_HIGH_SIDE_IDLE_STATE)
2025-02-25 21:06:07,985 DEBUG [LineInfo_to_exitCode.log_LineInfo] 2025-02-25 21:06:07,985 [INFO] ImportTextPane:218 - (OptionalMessage_ERROR) IP (MotorControl) : Invalid parameter (M1_LOW_SIDE_IDLE_STATE)
2025-02-25 21:06:07,985 DEBUG [LineInfo_to_exitCode.log_LineInfo] 2025-02-25 21:06:07,985 [INFO] ImportTextPane:218 - (OptionalMessage_ERROR) IP (MotorControl) : Parameter (M1_PWM_CHARGE_BOOT_CAP_DUTY_CYCLES) has invalid value (0.000)
2025-02-25 21:06:07,985 DEBUG [LineInfo_to_exitCode.log_LineInfo] 2025-02-25 21:06:07,985 [INFO] ImportTextPane:218 - (OptionalMessage_ERROR) IP (MotorControl) : Invalid parameter (M1_PWM_TIMER_BRK_IRQ)
2025-02-25 21:06:07,985 DEBUG [LineInfo_to_exitCode.log_LineInfo] 2025-02-25 21:06:07,985 [INFO] ImportTextPane:218 - (OptionalMessage_ERROR) IP (MotorControl) : Invalid parameter (M1_PWM_TIMER_UP_IRQ)
2025-02-25 21:06:07,985 DEBUG [LineInfo_to_exitCode.log_LineInfo] 2025-02-25 21:06:07,985 [INFO] ImportTextPane:218 - (OptionalMessage_ERROR) IP (MotorControl) : Invalid parameter (M1_SPD_DIFFERENTIAL_TERM_ENABLING)
2025-02-25 21:06:07,985 DEBUG [LineInfo_to_exitCode.log_LineInfo] 2025-02-25 21:06:07,985 [INFO] ImportTextPane:218 - (OptionalMessage_ERROR) IP (MotorControl) : Invalid parameter (MAX_READABLE_CURRENT)
2025-02-25 21:06:07,985 DEBUG [LineInfo_to_exitCode.log_LineInfo] 2025-02-25 21:06:07,985 [INFO] ImportTextPane:218 - (OptionalMessage_ERROR) IP (MotorControl) : Invalid parameter (MC_WORKBENCH_VERSION)
2025-02-25 21:06:07,985 DEBUG [LineInfo_to_exitCode.log_LineInfo] 2025-02-25 21:06:07,985 [INFO] ImportTextPane:218 - (OptionalMessage_ERROR) IP (MotorControl) : Invalid parameter (MCU)
2025-02-25 21:06:07,985 DEBUG [LineInfo_to_exitCode.log_LineInfo] 2025-02-25 21:06:07,985 [INFO] ImportTextPane:218 - (OptionalMessage_ERROR) IP (MotorControl) : Invalid parameter (MCU_FAMILY)
2025-02-25 21:06:07,985 DEBUG [LineInfo_to_exitCode.log_LineInfo] 2025-02-25 21:06:07,985 [INFO] ImportTextPane:218 - (OptionalMessage_ERROR) IP (MotorControl) : Invalid parameter (MCU_LINE)
2025-02-25 21:06:07,985 DEBUG [LineInfo_to_exitCode.log_LineInfo] 2025-02-25 21:06:07,985 [INFO] ImportTextPane:218 - (OptionalMessage_ERROR) IP (MotorControl) : Invalid parameter (MCU_PACKAGE)
2025-02-25 21:06:07,985 DEBUG [LineInfo_to_exitCode.log_LineInfo] 2025-02-25 21:06:07,985 [INFO] ImportTextPane:218 - (OptionalMessage_ERROR) IP (MotorControl) : Invalid parameter (MCU_TYPE)
2025-02-25 21:06:07,985 DEBUG [LineInfo_to_exitCode.log_LineInfo] 2025-02-25 21:06:07,985 [INFO] ImportTextPane:218 - (OptionalMessage_ERROR) IP (MotorControl) : Invalid parameter (MCU_USERNAME)
2025-02-25 21:06:07,986 DEBUG [LineInfo_to_exitCode.log_LineInfo] 2025-02-25 21:06:07,985 [INFO] ImportTextPane:218 - (OptionalMessage_ERROR) IP (MotorControl) : Invalid parameter (MOTOR_TYPE)
2025-02-25 21:06:07,986 DEBUG [LineInfo_to_exitCode.log_LineInfo] 2025-02-25 21:06:07,985 [INFO] ImportTextPane:218 - (OptionalMessage_ERROR) IP (MotorControl) : Invalid parameter (ON_OVER_VOLTAGE)
2025-02-25 21:06:07,986 DEBUG [LineInfo_to_exitCode.log_LineInfo] 2025-02-25 21:06:07,985 [INFO] ImportTextPane:218 - (OptionalMessage_ERROR) IP (MotorControl) : Invalid parameter (OV_TEMPERATURE_PROT_ENABLING)
2025-02-25 21:06:07,986 DEBUG [LineInfo_to_exitCode.log_LineInfo] 2025-02-25 21:06:07,985 [INFO] ImportTextPane:218 - (OptionalMessage_ERROR) IP (MotorControl) : Invalid parameter (OV_VOLTAGE_PROT_ENABLING)
2025-02-25 21:06:07,986 DEBUG [LineInfo_to_exitCode.log_LineInfo] 2025-02-25 21:06:07,985 [INFO] ImportTextPane:218 - (OptionalMessage_ERROR) IP (MotorControl) : Invalid parameter (PHASE_U_CURR_ADC)
2025-02-25 21:06:07,986 DEBUG [LineInfo_to_exitCode.log_LineInfo] 2025-02-25 21:06:07,985 [INFO] ImportTextPane:218 - (OptionalMessage_ERROR) IP (MotorControl) : Invalid parameter (PHASE_U_GPIO_PIN)
2025-02-25 21:06:07,986 DEBUG [LineInfo_to_exitCode.log_LineInfo] 2025-02-25 21:06:07,985 [INFO] ImportTextPane:218 - (OptionalMessage_ERROR) IP (MotorControl) : Invalid parameter (PHASE_U_GPIO_PORT)
2025-02-25 21:06:07,986 DEBUG [LineInfo_to_exitCode.log_LineInfo] 2025-02-25 21:06:07,985 [INFO] ImportTextPane:218 - (OptionalMessage_ERROR) IP (MotorControl) : Invalid parameter (PHASE_U_PWM_CHANNEL)
2025-02-25 21:06:07,986 DEBUG [LineInfo_to_exitCode.log_LineInfo] 2025-02-25 21:06:07,985 [INFO] ImportTextPane:218 - (OptionalMessage_ERROR) IP (MotorControl) : Invalid parameter (PHASE_UH_GPIO_PIN)
2025-02-25 21:06:07,986 DEBUG [LineInfo_to_exitCode.log_LineInfo] 2025-02-25 21:06:07,985 [INFO] ImportTextPane:218 - (OptionalMessage_ERROR) IP (MotorControl) : Invalid parameter (PHASE_UH_GPIO_PORT)
2025-02-25 21:06:07,986 DEBUG [LineInfo_to_exitCode.log_LineInfo] 2025-02-25 21:06:07,985 [INFO] ImportTextPane:218 - (OptionalMessage_ERROR) IP (MotorControl) : Invalid parameter (PHASE_UL_GPIO_PIN)
2025-02-25 21:06:07,986 DEBUG [LineInfo_to_exitCode.log_LineInfo] 2025-02-25 21:06:07,985 [INFO] ImportTextPane:218 - (OptionalMessage_ERROR) IP (MotorControl) : Invalid parameter (PHASE_UL_GPIO_PORT)
2025-02-25 21:06:07,986 DEBUG [LineInfo_to_exitCode.log_LineInfo] 2025-02-25 21:06:07,985 [INFO] ImportTextPane:218 - (OptionalMessage_ERROR) IP (MotorControl) : Parameter (PHASE_UL_POLARITY) has invalid value (L_ACTIVE_HIGH)
2025-02-25 21:06:07,986 DEBUG [LineInfo_to_exitCode.log_LineInfo] 2025-02-25 21:06:07,985 [INFO] ImportTextPane:218 - (OptionalMessage_ERROR) IP (MotorControl) : Invalid parameter (PHASE_V_CURR_ADC)
2025-02-25 21:06:07,986 DEBUG [LineInfo_to_exitCode.log_LineInfo] 2025-02-25 21:06:07,986 [INFO] ImportTextPane:218 - (OptionalMessage_ERROR) IP (MotorControl) : Invalid parameter (PHASE_V_GPIO_PIN)
2025-02-25 21:06:07,986 DEBUG [LineInfo_to_exitCode.log_LineInfo] 2025-02-25 21:06:07,986 [INFO] ImportTextPane:218 - (OptionalMessage_ERROR) IP (MotorControl) : Invalid parameter (PHASE_V_GPIO_PORT)
2025-02-25 21:06:07,986 DEBUG [LineInfo_to_exitCode.log_LineInfo] 2025-02-25 21:06:07,986 [INFO] ImportTextPane:218 - (OptionalMessage_ERROR) IP (MotorControl) : Invalid parameter (PHASE_V_PWM_CHANNEL)
2025-02-25 21:06:07,986 DEBUG [LineInfo_to_exitCode.log_LineInfo] 2025-02-25 21:06:07,986 [INFO] ImportTextPane:218 - (OptionalMessage_ERROR) IP (MotorControl) : Invalid parameter (PHASE_V_S_CURR_ADC)
2025-02-25 21:06:07,986 DEBUG [LineInfo_to_exitCode.log_LineInfo] 2025-02-25 21:06:07,986 [INFO] ImportTextPane:218 - (OptionalMessage_ERROR) IP (MotorControl) : Invalid parameter (PHASE_V_S_CURR_CHANNEL)
2025-02-25 21:06:07,986 DEBUG [LineInfo_to_exitCode.log_LineInfo] 2025-02-25 21:06:07,986 [INFO] ImportTextPane:218 - (OptionalMessage_ERROR) IP (MotorControl) : Invalid parameter (PHASE_V_S_GPIO_PIN)
2025-02-25 21:06:07,986 DEBUG [LineInfo_to_exitCode.log_LineInfo] 2025-02-25 21:06:07,986 [INFO] ImportTextPane:218 - (OptionalMessage_ERROR) IP (MotorControl) : Invalid parameter (PHASE_V_S_GPIO_PORT)
2025-02-25 21:06:07,986 DEBUG [LineInfo_to_exitCode.log_LineInfo] 2025-02-25 21:06:07,986 [INFO] ImportTextPane:218 - (OptionalMessage_ERROR) IP (MotorControl) : Invalid parameter (PHASE_VH_GPIO_PIN)
2025-02-25 21:06:07,986 DEBUG [LineInfo_to_exitCode.log_LineInfo] 2025-02-25 21:06:07,986 [INFO] ImportTextPane:218 - (OptionalMessage_ERROR) IP (MotorControl) : Invalid parameter (PHASE_VH_GPIO_PORT)
2025-02-25 21:06:07,986 DEBUG [LineInfo_to_exitCode.log_LineInfo] 2025-02-25 21:06:07,986 [INFO] ImportTextPane:218 - (OptionalMessage_ERROR) IP (MotorControl) : Invalid parameter (PHASE_VL_GPIO_PIN)
2025-02-25 21:06:07,987 DEBUG [LineInfo_to_exitCode.log_LineInfo] 2025-02-25 21:06:07,986 [INFO] ImportTextPane:218 - (OptionalMessage_ERROR) IP (MotorControl) : Invalid parameter (PHASE_VL_GPIO_PORT)
2025-02-25 21:06:07,987 DEBUG [LineInfo_to_exitCode.log_LineInfo] 2025-02-25 21:06:07,986 [INFO] ImportTextPane:218 - (OptionalMessage_ERROR) IP (MotorControl) : Parameter (PHASE_VL_POLARITY) has invalid value (L_ACTIVE_HIGH)
2025-02-25 21:06:07,987 DEBUG [LineInfo_to_exitCode.log_LineInfo] 2025-02-25 21:06:07,986 [INFO] ImportTextPane:218 - (OptionalMessage_ERROR) IP (MotorControl) : Invalid parameter (PHASE_W_CURR_ADC)
2025-02-25 21:06:07,987 DEBUG [LineInfo_to_exitCode.log_LineInfo] 2025-02-25 21:06:07,986 [INFO] ImportTextPane:218 - (OptionalMessage_ERROR) IP (MotorControl) : Invalid parameter (PHASE_W_GPIO_PIN)
2025-02-25 21:06:07,987 DEBUG [LineInfo_to_exitCode.log_LineInfo] 2025-02-25 21:06:07,986 [INFO] ImportTextPane:218 - (OptionalMessage_ERROR) IP (MotorControl) : Invalid parameter (PHASE_W_GPIO_PORT)
2025-02-25 21:06:07,987 DEBUG [LineInfo_to_exitCode.log_LineInfo] 2025-02-25 21:06:07,986 [INFO] ImportTextPane:218 - (OptionalMessage_ERROR) IP (MotorControl) : Invalid parameter (PHASE_W_PWM_CHANNEL)
2025-02-25 21:06:07,987 DEBUG [LineInfo_to_exitCode.log_LineInfo] 2025-02-25 21:06:07,986 [INFO] ImportTextPane:218 - (OptionalMessage_ERROR) IP (MotorControl) : Invalid parameter (PHASE_WH_GPIO_PIN)
2025-02-25 21:06:07,987 DEBUG [LineInfo_to_exitCode.log_LineInfo] 2025-02-25 21:06:07,986 [INFO] ImportTextPane:218 - (OptionalMessage_ERROR) IP (MotorControl) : Invalid parameter (PHASE_WH_GPIO_PORT)
2025-02-25 21:06:07,987 DEBUG [LineInfo_to_exitCode.log_LineInfo] 2025-02-25 21:06:07,986 [INFO] ImportTextPane:218 - (OptionalMessage_ERROR) IP (MotorControl) : Invalid parameter (PHASE_WL_GPIO_PIN)
2025-02-25 21:06:07,987 DEBUG [LineInfo_to_exitCode.log_LineInfo] 2025-02-25 21:06:07,986 [INFO] ImportTextPane:218 - (OptionalMessage_ERROR) IP (MotorControl) : Invalid parameter (PHASE_WL_GPIO_PORT)
2025-02-25 21:06:07,987 DEBUG [LineInfo_to_exitCode.log_LineInfo] 2025-02-25 21:06:07,986 [INFO] ImportTextPane:218 - (OptionalMessage_ERROR) IP (MotorControl) : Parameter (PHASE_WL_POLARITY) has invalid value (L_ACTIVE_HIGH)
2025-02-25 21:06:07,987 DEBUG [LineInfo_to_exitCode.log_LineInfo] 2025-02-25 21:06:07,986 [INFO] ImportTextPane:218 - (OptionalMessage_ERROR) IP (MotorControl) : Invalid parameter (POTENTIOMETER_READING)
2025-02-25 21:06:07,988 DEBUG [LineInfo_to_exitCode.log_LineInfo] 2025-02-25 21:06:07,986 [INFO] ImportTextPane:218 - (OptionalMessage_ERROR) IP (MotorControl) : Invalid parameter (PWM_FREQUENCY)
2025-02-25 21:06:07,988 DEBUG [LineInfo_to_exitCode.log_LineInfo] 2025-02-25 21:06:07,986 [INFO] ImportTextPane:218 - (OptionalMessage_ERROR) IP (MotorControl) : Invalid parameter (PWM_TIMER_SELECTION)
2025-02-25 21:06:07,988 DEBUG [LineInfo_to_exitCode.log_LineInfo] 2025-02-25 21:06:07,986 [INFO] ImportTextPane:218 - (OptionalMessage_ERROR) IP (MotorControl) : Invalid parameter (R_BRAKE_SWITCH_OFF_THRES_V)
2025-02-25 21:06:07,988 DEBUG [LineInfo_to_exitCode.log_LineInfo] 2025-02-25 21:06:07,986 [INFO] ImportTextPane:218 - (OptionalMessage_ERROR) IP (MotorControl) : Invalid parameter (REGULATION_EXECUTION_RATE)
2025-02-25 21:06:07,988 DEBUG [LineInfo_to_exitCode.log_LineInfo] 2025-02-25 21:06:07,986 [INFO] ImportTextPane:218 - (OptionalMessage_ERROR) IP (MotorControl) : Invalid parameter (SINGLEDRIVE)
2025-02-25 21:06:07,988 DEBUG [LineInfo_to_exitCode.log_LineInfo] 2025-02-25 21:06:07,986 [INFO] ImportTextPane:218 - (OptionalMessage_ERROR) IP (MotorControl) : Invalid parameter (SPD_DIFFERENTIAL_TERM_ENABLING)
2025-02-25 21:06:07,988 DEBUG [LineInfo_to_exitCode.log_LineInfo] 2025-02-25 21:06:07,986 [INFO] ImportTextPane:218 - (OptionalMessage_ERROR) IP (MotorControl) : Invalid parameter (SPEED_SENSOR_SELECTION)
2025-02-25 21:06:07,989 DEBUG [LineInfo_to_exitCode.log_LineInfo] 2025-02-25 21:06:07,986 [INFO] ImportTextPane:218 - (OptionalMessage_ERROR) IP (MotorControl) : Invalid parameter (START_STOP_POLARITY)
2025-02-25 21:06:07,989 DEBUG [LineInfo_to_exitCode.log_LineInfo] 2025-02-25 21:06:07,986 [INFO] ImportTextPane:218 - (OptionalMessage_ERROR) IP (MotorControl) : Invalid parameter (START_STOP_POLARITY_EDGE)
2025-02-25 21:06:07,989 DEBUG [LineInfo_to_exitCode.log_LineInfo] 2025-02-25 21:06:07,986 [INFO] ImportTextPane:218 - (OptionalMessage_ERROR) IP (MotorControl) : Invalid parameter (STATE_OBSERVER_PLL)
2025-02-25 21:06:07,989 DEBUG [LineInfo_to_exitCode.log_LineInfo] 2025-02-25 21:06:07,986 [INFO] ImportTextPane:218 - (OptionalMessage_ERROR) IP (MotorControl) : Invalid parameter (STM32G474RE)
2025-02-25 21:06:07,989 DEBUG [LineInfo_to_exitCode.log_LineInfo] 2025-02-25 21:06:07,986 [INFO] ImportTextPane:218 - (OptionalMessage_ERROR) IP (MotorControl) : Invalid parameter (SW_DEADTIME_NS)
2025-02-25 21:06:07,989 DEBUG [LineInfo_to_exitCode.log_LineInfo] 2025-02-25 21:06:07,986 [INFO] ImportTextPane:218 - (OptionalMessage_ERROR) IP (MotorControl) : Invalid parameter (TEMP_ADC_SAMPLING_TIME)
2025-02-25 21:06:07,990 DEBUG [LineInfo_to_exitCode.log_LineInfo] 2025-02-25 21:06:07,986 [INFO] ImportTextPane:218 - (OptionalMessage_ERROR) IP (MotorControl) : Invalid parameter (TEMP_FDBK_ADC)
2025-02-25 21:06:07,990 DEBUG [LineInfo_to_exitCode.log_LineInfo] 2025-02-25 21:06:07,986 [INFO] ImportTextPane:218 - (OptionalMessage_ERROR) IP (MotorControl) : Invalid parameter (TEMP_FDBK_CHANNEL)
2025-02-25 21:06:07,990 DEBUG [LineInfo_to_exitCode.log_LineInfo] 2025-02-25 21:06:07,986 [INFO] ImportTextPane:218 - (OptionalMessage_ERROR) IP (MotorControl) : Invalid parameter (TEMP_FDBK_GPIO_PIN)
2025-02-25 21:06:07,990 DEBUG [LineInfo_to_exitCode.log_LineInfo] 2025-02-25 21:06:07,986 [INFO] ImportTextPane:218 - (OptionalMessage_ERROR) IP (MotorControl) : Invalid parameter (TEMP_FDBK_GPIO_PORT)
2025-02-25 21:06:07,990 DEBUG [LineInfo_to_exitCode.log_LineInfo] 2025-02-25 21:06:07,987 [INFO] ImportTextPane:218 - (OptionalMessage_ERROR) IP (MotorControl) : Invalid parameter (TEMPERATURE_READING)
2025-02-25 21:06:07,990 DEBUG [LineInfo_to_exitCode.log_LineInfo] 2025-02-25 21:06:07,987 [INFO] ImportTextPane:218 - (OptionalMessage_ERROR) IP (MotorControl) : Invalid parameter (TFDIFFERENTIAL_TERM_ENABLING)
2025-02-25 21:06:07,991 DEBUG [LineInfo_to_exitCode.log_LineInfo] 2025-02-25 21:06:07,987 [INFO] ImportTextPane:218 - (OptionalMessage_ERROR) IP (MotorControl) : Invalid parameter (TRISE_NS)
2025-02-25 21:06:07,991 DEBUG [LineInfo_to_exitCode.log_LineInfo] 2025-02-25 21:06:07,987 [INFO] ImportTextPane:218 - (OptionalMessage_ERROR) IP (MotorControl) : Invalid parameter (USART_RX_GPIO_PIN)
2025-02-25 21:06:07,991 DEBUG [LineInfo_to_exitCode.log_LineInfo] 2025-02-25 21:06:07,987 [INFO] ImportTextPane:218 - (OptionalMessage_ERROR) IP (MotorControl) : Invalid parameter (USART_RX_GPIO_PORT)
2025-02-25 21:06:07,991 DEBUG [LineInfo_to_exitCode.log_LineInfo] 2025-02-25 21:06:07,987 [INFO] ImportTextPane:218 - (OptionalMessage_ERROR) IP (MotorControl) : Invalid parameter (USART_SELECTION)
2025-02-25 21:06:07,991 DEBUG [LineInfo_to_exitCode.log_LineInfo] 2025-02-25 21:06:07,987 [INFO] ImportTextPane:218 - (OptionalMessage_ERROR) IP (MotorControl) : Invalid parameter (USART_SPEED)
2025-02-25 21:06:07,991 DEBUG [LineInfo_to_exitCode.log_LineInfo] 2025-02-25 21:06:07,987 [INFO] ImportTextPane:218 - (OptionalMessage_ERROR) IP (MotorControl) : Invalid parameter (USART_TX_GPIO_PIN)
2025-02-25 21:06:07,991 DEBUG [LineInfo_to_exitCode.log_LineInfo] 2025-02-25 21:06:07,987 [INFO] ImportTextPane:218 - (OptionalMessage_ERROR) IP (MotorControl) : Invalid parameter (USART_TX_GPIO_PORT)
2025-02-25 21:06:07,992 DEBUG [LineInfo_to_exitCode.log_LineInfo] 2025-02-25 21:06:07,987 [INFO] ImportTextPane:218 - (OptionalMessage_ERROR) IP (MotorControl) : Invalid parameter (USE_3OPAMPS)
2025-02-25 21:06:07,992 DEBUG [LineInfo_to_exitCode.log_LineInfo] 2025-02-25 21:06:07,987 [INFO] ImportTextPane:218 - (OptionalMessage_ERROR) IP (MotorControl) : Invalid parameter (USE_INTERNAL_OPAMP)
2025-02-25 21:06:07,992 DEBUG [LineInfo_to_exitCode.log_LineInfo] 2025-02-25 21:06:07,987 [INFO] ImportTextPane:218 - (OptionalMessage_ERROR) IP (MotorControl) : Invalid parameter (UV_VOLTAGE_PROT_ENABLING)
2025-02-25 21:06:07,992 DEBUG [LineInfo_to_exitCode.log_LineInfo] 2025-02-25 21:06:07,987 [INFO] ImportTextPane:218 - (OptionalMessage_ERROR) IP (MotorControl) : Invalid parameter (VBUS_ADC)
2025-02-25 21:06:07,992 DEBUG [LineInfo_to_exitCode.log_LineInfo] 2025-02-25 21:06:07,987 [INFO] ImportTextPane:218 - (OptionalMessage_ERROR) IP (MotorControl) : Invalid parameter (VBUS_ADC_SAMPLING_TIME)
2025-02-25 21:06:07,992 DEBUG [LineInfo_to_exitCode.log_LineInfo] 2025-02-25 21:06:07,988 [INFO] ImportTextPane:218 - (OptionalMessage_ERROR) IP (MotorControl) : Invalid parameter (VBUS_CHANNEL)
2025-02-25 21:06:07,992 DEBUG [LineInfo_to_exitCode.log_LineInfo] 2025-02-25 21:06:07,988 [INFO] ImportTextPane:218 - (OptionalMessage_ERROR) IP (MotorControl) : Invalid parameter (VBUS_GPIO_PIN)
2025-02-25 21:06:07,992 DEBUG [LineInfo_to_exitCode.log_LineInfo] 2025-02-25 21:06:07,988 [INFO] ImportTextPane:218 - (OptionalMessage_ERROR) IP (MotorControl) : Invalid parameter (VBUS_GPIO_PORT)
2025-02-25 21:06:07,992 DEBUG [LineInfo_to_exitCode.log_LineInfo] 2025-02-25 21:06:07,988 [INFO] ImportTextPane:218 - (OptionalMessage_ERROR) IP (MotorControl) : Invalid parameter (WB_to_Mx_template_version)
2025-02-25 21:06:07,993 DEBUG [LineInfo_to_exitCode.log_LineInfo] 2025-02-25 21:06:07,988 [INFO] ImportTextPane:218 - (OptionalMessage_ERROR) IP (MotorControl) : Invalid parameter (WB_to_Mx_version)
2025-02-25 21:06:07,993 DEBUG [LineInfo_to_exitCode.log_LineInfo] 2025-02-25 21:06:07,988 [INFO] ImportTextPane:218 - (OptionalMessage_ERROR) IP (MotorControl) : Invalid parameter (WB_UI_CUTOFF_FREQUENCY)
2025-02-25 21:06:07,993 DEBUG [LineInfo_to_exitCode.log_LineInfo] 2025-02-25 21:06:07,988 [INFO] ImportTextPane:218 - (OptionalMessage_ERROR) IP (MotorControl) : Invalid parameter (WB_UI_DAC_CH1_PIN)
2025-02-25 21:06:07,993 DEBUG [LineInfo_to_exitCode.log_LineInfo] 2025-02-25 21:06:07,988 [INFO] ImportTextPane:218 - (OptionalMessage_ERROR) IP (MotorControl) : Invalid parameter (WB_UI_DAC_CH2_PIN)
2025-02-25 21:06:07,993 DEBUG [LineInfo_to_exitCode.log_LineInfo] 2025-02-25 21:06:07,988 [INFO] ImportTextPane:218 - (OptionalMessage_ERROR) IP (MotorControl) : Invalid parameter (WB_UI_DP_DISABLING_ENABLE)
2025-02-25 21:06:07,993 DEBUG [LineInfo_to_exitCode.log_LineInfo] 2025-02-25 21:06:07,988 [INFO] ImportTextPane:218 - (OptionalMessage_ERROR) IP (MotorControl) : Invalid parameter (WB_UI_ENCODER_HAS_INDEX_PIN)
2025-02-25 21:06:07,993 DEBUG [LineInfo_to_exitCode.log_LineInfo] 2025-02-25 21:06:07,988 [INFO] ImportTextPane:218 - (OptionalMessage_ERROR) IP (MotorControl) : Invalid parameter (WB_UI_FLUX_TARGET)
2025-02-25 21:06:07,993 DEBUG [LineInfo_to_exitCode.log_LineInfo] 2025-02-25 21:06:07,988 [INFO] ImportTextPane:218 - (OptionalMessage_ERROR) IP (MotorControl) : Invalid parameter (WB_UI_FRICTION)
2025-02-25 21:06:07,993 DEBUG [LineInfo_to_exitCode.log_LineInfo] 2025-02-25 21:06:07,988 [INFO] ImportTextPane:218 - (OptionalMessage_ERROR) IP (MotorControl) : Invalid parameter (WB_UI_INERTIA)
2025-02-25 21:06:07,993 DEBUG [LineInfo_to_exitCode.log_LineInfo] 2025-02-25 21:06:07,988 [INFO] ImportTextPane:218 - (OptionalMessage_ERROR) IP (MotorControl) : Invalid parameter (WB_UI_MAGNETIC_STRUCTURE)
2025-02-25 21:06:07,993 DEBUG [LineInfo_to_exitCode.log_LineInfo] 2025-02-25 21:06:07,988 [INFO] ImportTextPane:218 - (OptionalMessage_ERROR) IP (MotorControl) : Invalid parameter (WB_UI_MAX_CURRENT)
2025-02-25 21:06:07,993 DEBUG [LineInfo_to_exitCode.log_LineInfo] 2025-02-25 21:06:07,988 [INFO] ImportTextPane:218 - (OptionalMessage_ERROR) IP (MotorControl) : Invalid parameter (WB_UI_MAX_NOMINAL_DC_VOLTAGE)
2025-02-25 21:06:07,993 DEBUG [LineInfo_to_exitCode.log_LineInfo] 2025-02-25 21:06:07,988 [INFO] ImportTextPane:218 - (OptionalMessage_ERROR) IP (MotorControl) : Invalid parameter (WB_UI_MAX_PWMFREQUENCY)
2025-02-25 21:06:07,993 DEBUG [LineInfo_to_exitCode.log_LineInfo] 2025-02-25 21:06:07,988 [INFO] ImportTextPane:218 - (OptionalMessage_ERROR) IP (MotorControl) : Invalid parameter (WB_UI_MOTOR_DESCRIPTION)
2025-02-25 21:06:07,993 DEBUG [LineInfo_to_exitCode.log_LineInfo] 2025-02-25 21:06:07,988 [INFO] ImportTextPane:218 - (OptionalMessage_ERROR) IP (MotorControl) : Invalid parameter (WB_UI_PW_BOARD_MAX_RATED_CURRENT)
2025-02-25 21:06:07,993 DEBUG [LineInfo_to_exitCode.log_LineInfo] 2025-02-25 21:06:07,988 [INFO] ImportTextPane:218 - (OptionalMessage_ERROR) IP (MotorControl) : Invalid parameter (WB_UI_PW_BOARD_MAX_VOLTAGE)
2025-02-25 21:06:07,993 DEBUG [LineInfo_to_exitCode.log_LineInfo] 2025-02-25 21:06:07,988 [INFO] ImportTextPane:218 - (OptionalMessage_ERROR) IP (MotorControl) : Invalid parameter (WB_UI_PW_BOARD_MIN_VOLTAGE)
2025-02-25 21:06:07,993 DEBUG [LineInfo_to_exitCode.log_LineInfo] 2025-02-25 21:06:07,988 [INFO] ImportTextPane:218 - (OptionalMessage_ERROR) IP (MotorControl) : Invalid parameter (WB_UI_VPOL)
2025-02-25 21:06:07,994 DEBUG [LineInfo_to_exitCode.log_LineInfo] 2025-02-25 21:06:07,988 [INFO] ImportTextPane:218 - (OptionalMessage_ERROR) IP (RCC) : Invalid parameter (FamilyName)
2025-02-25 21:06:07,994 DEBUG [LineInfo_to_exitCode.log_LineInfo] 2025-02-25 21:06:07,989 [INFO] ImportTextPane:218 - (OptionalMessage_ERROR) IP (RCC) : Parameter (RNGFreq_Value) has invalid value (170000000)
2025-02-25 21:06:07,994 DEBUG [LineInfo_to_exitCode.log_LineInfo] 2025-02-25 21:06:07,989 [INFO] ImportTextPane:218 - (OptionalMessage_ERROR) IP (RCC) : Parameter (USBFreq_Value) has invalid value (170000000)
2025-02-25 21:06:08,004 DEBUG [LineInfo_to_exitCode.log_LineInfo] 2025-02-25 21:06:08,004 [INFO] ImportTextPane:218 - (OptionalMessage_ERROR) IP (TIM1) : Parameter (TIM_SlaveMode) has invalid value (TIM_SLAVEMODE_TRIGGER)
2025-02-25 21:06:08,007 DEBUG [LineInfo_to_exitCode.log_LineInfo] 2025-02-25 21:06:08,007 [INFO] ImportTextPane:218 - (OptionalMessage_ERROR) IP (TIM1) : Parameter (SourceBRK2DigInputPolarity) has invalid value (TIM_BREAKINPUTSOURCE_POLARITY_LOW)
2025-02-25 21:06:08,242 DEBUG [LineInfo_to_exitCode.log_LineInfo] 2025-02-25 21:06:08,242 [INFO] UtilMem:75 - End LoadConfig() Used Memory: 745847800 Bytes (1203765248)
2025-02-25 21:06:08,314 DEBUG [LineInfo_to_exitCode.log_LineInfo] 2025-02-25 21:06:08,314 [INFO] ThirdParty:835 - entering critical section [change project]
2025-02-25 21:06:08,314 DEBUG [LineInfo_to_exitCode.log_LineInfo] 2025-02-25 21:06:08,314 [INFO] ThirdParty:1030 - CMSIS Pack Vendor :STMicroelectronics USBPD 4.1
2025-02-25 21:06:08,314 DEBUG [LineInfo_to_exitCode.log_LineInfo] 2025-02-25 21:06:08,314 [INFO] ThirdParty:1030 - CMSIS Pack Vendor :STMicroelectronics X-CUBE-AZRTOS-H7 3.3.0
2025-02-25 21:06:08,314 DEBUG [LineInfo_to_exitCode.log_LineInfo] 2025-02-25 21:06:08,314 [INFO] ThirdParty:1030 - CMSIS Pack Vendor :STMicroelectronics X-CUBE-NFC9 1.0.0
2025-02-25 21:06:08,314 DEBUG [LineInfo_to_exitCode.log_LineInfo] 2025-02-25 21:06:08,314 [INFO] ThirdParty:1030 - CMSIS Pack Vendor :STMicroelectronics USB_HOST 2.0.0
2025-02-25 21:06:08,314 DEBUG [LineInfo_to_exitCode.log_LineInfo] 2025-02-25 21:06:08,314 [INFO] ThirdParty:1030 - CMSIS Pack Vendor :STMicroelectronics FP-SNS-MOTENVWB1 1.4.0
2025-02-25 21:06:08,314 DEBUG [LineInfo_to_exitCode.log_LineInfo] 2025-02-25 21:06:08,314 [INFO] ThirdParty:1030 - CMSIS Pack Vendor :STMicroelectronics X-CUBE-AZRTOS-F4 1.1.0
2025-02-25 21:06:08,314 DEBUG [LineInfo_to_exitCode.log_LineInfo] 2025-02-25 21:06:08,314 [INFO] ThirdParty:1030 - CMSIS Pack Vendor :STMicroelectronics LIBJPEG 8.0.0
2025-02-25 21:06:08,315 DEBUG [LineInfo_to_exitCode.log_LineInfo] 2025-02-25 21:06:08,314 [INFO] ThirdParty:1030 - CMSIS Pack Vendor :STMicroelectronics FP-ATR-ASTRA1 2.0.1
2025-02-25 21:06:08,315 DEBUG [LineInfo_to_exitCode.log_LineInfo] 2025-02-25 21:06:08,314 [INFO] ThirdParty:1030 - CMSIS Pack Vendor :STMicroelectronics X-CUBE-SMBUS 2.1.0
2025-02-25 21:06:08,315 DEBUG [LineInfo_to_exitCode.log_LineInfo] 2025-02-25 21:06:08,314 [INFO] ThirdParty:1030 - CMSIS Pack Vendor :STMicroelectronics X-CUBE-WB05N 1.1.0
2025-02-25 21:06:08,315 DEBUG [LineInfo_to_exitCode.log_LineInfo] 2025-02-25 21:06:08,314 [INFO] ThirdParty:1030 - CMSIS Pack Vendor :STMicroelectronics USB_DEVICE 3.0.0
2025-02-25 21:06:08,315 DEBUG [LineInfo_to_exitCode.log_LineInfo] 2025-02-25 21:06:08,314 [INFO] ThirdParty:1030 - CMSIS Pack Vendor :STMicroelectronics X-CUBE-ISPU 2.1.0
2025-02-25 21:06:08,315 DEBUG [LineInfo_to_exitCode.log_LineInfo] 2025-02-25 21:06:08,314 [INFO] ThirdParty:1030 - CMSIS Pack Vendor :STMicroelectronics X-CUBE-AZRTOS-WB 2.0.0
2025-02-25 21:06:08,315 DEBUG [LineInfo_to_exitCode.log_LineInfo] 2025-02-25 21:06:08,314 [INFO] ThirdParty:1030 - CMSIS Pack Vendor :STMicroelectronics X-CUBE-GNSS1 7.0.1
2025-02-25 21:06:08,315 DEBUG [LineInfo_to_exitCode.log_LineInfo] 2025-02-25 21:06:08,314 [INFO] ThirdParty:1030 - CMSIS Pack Vendor :STMicroelectronics X-CUBE-AZRTOS-F7 1.1.0
2025-02-25 21:06:08,315 DEBUG [LineInfo_to_exitCode.log_LineInfo] 2025-02-25 21:06:08,314 [INFO] ThirdParty:1030 - CMSIS Pack Vendor :STMicroelectronics X-CUBE-AZRTOS-L5 2.0.0
2025-02-25 21:06:08,315 DEBUG [LineInfo_to_exitCode.log_LineInfo] 2025-02-25 21:06:08,314 [INFO] ThirdParty:1030 - CMSIS Pack Vendor :STMicroelectronics USB_DEVICE 2.0.0
2025-02-25 21:06:08,315 DEBUG [LineInfo_to_exitCode.log_LineInfo] 2025-02-25 21:06:08,314 [INFO] ThirdParty:1030 - CMSIS Pack Vendor :STMicroelectronics X-CUBE-NFC6 3.1.0
2025-02-25 21:06:08,315 DEBUG [LineInfo_to_exitCode.log_LineInfo] 2025-02-25 21:06:08,314 [INFO] ThirdParty:1030 - CMSIS Pack Vendor :STMicroelectronics FP-SNS-STBOX1 2.0.0
2025-02-25 21:06:08,315 DEBUG [LineInfo_to_exitCode.log_LineInfo] 2025-02-25 21:06:08,314 [INFO] ThirdParty:1030 - CMSIS Pack Vendor :STMicroelectronics FreeRTOS 0.0.1
2025-02-25 21:06:08,315 DEBUG [LineInfo_to_exitCode.log_LineInfo] 2025-02-25 21:06:08,314 [INFO] ThirdParty:1030 - CMSIS Pack Vendor :STMicroelectronics X-CUBE-AZRTOS-G0 1.1.0
2025-02-25 21:06:08,315 DEBUG [LineInfo_to_exitCode.log_LineInfo] 2025-02-25 21:06:08,314 [INFO] ThirdParty:1030 - CMSIS Pack Vendor :STMicroelectronics X-CUBE-SAFEA1 1.2.2
2025-02-25 21:06:08,315 DEBUG [LineInfo_to_exitCode.log_LineInfo] 2025-02-25 21:06:08,314 [INFO] ThirdParty:1030 - CMSIS Pack Vendor :STMicroelectronics X-CUBE-NFC4 3.0.0
2025-02-25 21:06:08,315 DEBUG [LineInfo_to_exitCode.log_LineInfo] 2025-02-25 21:06:08,314 [INFO] ThirdParty:1030 - CMSIS Pack Vendor :STMicroelectronics X-CUBE-DPower 1.2.0
2025-02-25 21:06:08,315 DEBUG [LineInfo_to_exitCode.log_LineInfo] 2025-02-25 21:06:08,314 [INFO] ThirdParty:1030 - CMSIS Pack Vendor :STMicroelectronics X-CUBE-SUBG2 5.0.0
2025-02-25 21:06:08,315 DEBUG [LineInfo_to_exitCode.log_LineInfo] 2025-02-25 21:06:08,314 [INFO] ThirdParty:1030 - CMSIS Pack Vendor :STMicroelectronics STM32_WPAN 1.0.0
2025-02-25 21:06:08,315 DEBUG [LineInfo_to_exitCode.log_LineInfo] 2025-02-25 21:06:08,314 [INFO] ThirdParty:1030 - CMSIS Pack Vendor :EmbeddedOffice I-CUBE-FS-RTOS 1.0.1
2025-02-25 21:06:08,315 DEBUG [LineInfo_to_exitCode.log_LineInfo] 2025-02-25 21:06:08,314 [INFO] ThirdParty:1030 - CMSIS Pack Vendor :STMicroelectronics lwIP 2.0.3
2025-02-25 21:06:08,315 DEBUG [LineInfo_to_exitCode.log_LineInfo] 2025-02-25 21:06:08,314 [INFO] ThirdParty:1030 - CMSIS Pack Vendor :STMicroelectronics FP-SNS-FLIGHT1 5.0.2
2025-02-25 21:06:08,315 DEBUG [LineInfo_to_exitCode.log_LineInfo] 2025-02-25 21:06:08,314 [INFO] ThirdParty:1030 - CMSIS Pack Vendor :Cesanta I-CUBE-Mongoose 7.13.0
2025-02-25 21:06:08,315 DEBUG [LineInfo_to_exitCode.log_LineInfo] 2025-02-25 21:06:08,314 [INFO] ThirdParty:1030 - CMSIS Pack Vendor :STMicroelectronics USB_HOST 1.0.0
2025-02-25 21:06:08,315 DEBUG [LineInfo_to_exitCode.log_LineInfo] 2025-02-25 21:06:08,314 [INFO] ThirdParty:1030 - CMSIS Pack Vendor :Infineon AIROC-Wi-Fi-Bluetooth-STM32 1.7.0
2025-02-25 21:06:08,315 DEBUG [LineInfo_to_exitCode.log_LineInfo] 2025-02-25 21:06:08,314 [INFO] ThirdParty:1030 - CMSIS Pack Vendor :STMicroelectronics X-CUBE-AZRTOS-G4 2.0.0
2025-02-25 21:06:08,315 DEBUG [LineInfo_to_exitCode.log_LineInfo] 2025-02-25 21:06:08,314 [INFO] ThirdParty:1030 - CMSIS Pack Vendor :STMicroelectronics PDM2PCM 3.1.0
2025-02-25 21:06:08,315 DEBUG [LineInfo_to_exitCode.log_LineInfo] 2025-02-25 21:06:08,314 [INFO] ThirdParty:1030 - CMSIS Pack Vendor :STMicroelectronics PDM2PCM 3.3.0
2025-02-25 21:06:08,315 DEBUG [LineInfo_to_exitCode.log_LineInfo] 2025-02-25 21:06:08,314 [INFO] ThirdParty:1030 - CMSIS Pack Vendor :STMicroelectronics X-CUBE-DISPLAY 3.0.0
2025-02-25 21:06:08,315 DEBUG [LineInfo_to_exitCode.log_LineInfo] 2025-02-25 21:06:08,314 [INFO] ThirdParty:1030 - CMSIS Pack Vendor :STMicroelectronics X-CUBE-TCPP 4.2.0
2025-02-25 21:06:08,316 DEBUG [LineInfo_to_exitCode.log_LineInfo] 2025-02-25 21:06:08,314 [INFO] ThirdParty:1030 - CMSIS Pack Vendor :RealThread X-CUBE-RT-Thread_Nano 4.1.1
2025-02-25 21:06:08,316 DEBUG [LineInfo_to_exitCode.log_LineInfo] 2025-02-25 21:06:08,314 [INFO] ThirdParty:1030 - CMSIS Pack Vendor :STMicroelectronics X-CUBE-BLE1 7.0.0
2025-02-25 21:06:08,316 DEBUG [LineInfo_to_exitCode.log_LineInfo] 2025-02-25 21:06:08,314 [INFO] ThirdParty:1030 - CMSIS Pack Vendor :STMicroelectronics FP-ATR-SIGFOX1 3.2.0
2025-02-25 21:06:08,316 DEBUG [LineInfo_to_exitCode.log_LineInfo] 2025-02-25 21:06:08,314 [INFO] ThirdParty:1030 - CMSIS Pack Vendor :STMicroelectronics X-CUBE-NFC10 1.0.0
2025-02-25 21:06:08,316 DEBUG [LineInfo_to_exitCode.log_LineInfo] 2025-02-25 21:06:08,314 [INFO] ThirdParty:1030 - CMSIS Pack Vendor :quantropi X-CUBE-qispace-sdk-base 1.9.3
2025-02-25 21:06:08,316 DEBUG [LineInfo_to_exitCode.log_LineInfo] 2025-02-25 21:06:08,314 [INFO] ThirdParty:1030 - CMSIS Pack Vendor :STMicroelectronics X-CUBE-BLEMGR 4.0.0
2025-02-25 21:06:08,316 DEBUG [LineInfo_to_exitCode.log_LineInfo] 2025-02-25 21:06:08,315 [INFO] ThirdParty:1030 - CMSIS Pack Vendor :STMicroelectronics X-CUBE-EEPRMA1 5.1.0
2025-02-25 21:06:08,316 DEBUG [LineInfo_to_exitCode.log_LineInfo] 2025-02-25 21:06:08,315 [INFO] ThirdParty:1030 - CMSIS Pack Vendor :STMicroelectronics HAL Drivers 0.0.0
2025-02-25 21:06:08,316 DEBUG [LineInfo_to_exitCode.log_LineInfo] 2025-02-25 21:06:08,315 [INFO] ThirdParty:1030 - CMSIS Pack Vendor :STMicroelectronics MBEDTLS 2.16.2
2025-02-25 21:06:08,316 DEBUG [LineInfo_to_exitCode.log_LineInfo] 2025-02-25 21:06:08,315 [INFO] ThirdParty:1030 - CMSIS Pack Vendor :STMicroelectronics X-CUBE-IPS 3.1.0
2025-02-25 21:06:08,316 DEBUG [LineInfo_to_exitCode.log_LineInfo] 2025-02-25 21:06:08,315 [INFO] ThirdParty:1030 - CMSIS Pack Vendor :STMicroelectronics X-CUBE-ALS 1.0.2
2025-02-25 21:06:08,316 DEBUG [LineInfo_to_exitCode.log_LineInfo] 2025-02-25 21:06:08,315 [INFO] ThirdParty:1030 - CMSIS Pack Vendor :emotas I-CUBE-CANOPEN 1.3.0
2025-02-25 21:06:08,316 DEBUG [LineInfo_to_exitCode.log_LineInfo] 2025-02-25 21:06:08,315 [INFO] ThirdParty:1030 - CMSIS Pack Vendor :STMicroelectronics X-CUBE-FREERTOS 1.3.0
2025-02-25 21:06:08,316 DEBUG [LineInfo_to_exitCode.log_LineInfo] 2025-02-25 21:06:08,315 [INFO] ThirdParty:1030 - CMSIS Pack Vendor :STMicroelectronics X-CUBE-NFC7 1.0.1
2025-02-25 21:06:08,316 DEBUG [LineInfo_to_exitCode.log_LineInfo] 2025-02-25 21:06:08,315 [INFO] ThirdParty:1030 - CMSIS Pack Vendor :STMicroelectronics MBEDTLS 2.14.1
2025-02-25 21:06:08,316 DEBUG [LineInfo_to_exitCode.log_LineInfo] 2025-02-25 21:06:08,315 [INFO] ThirdParty:1030 - CMSIS Pack Vendor :wolfSSL I-CUBE-wolfSSL 5.7.6
2025-02-25 21:06:08,316 DEBUG [LineInfo_to_exitCode.log_LineInfo] 2025-02-25 21:06:08,315 [INFO] ThirdParty:1030 - CMSIS Pack Vendor :ITTIA_DB I-CUBE-ITTIADB 8.9.0
2025-02-25 21:06:08,316 DEBUG [LineInfo_to_exitCode.log_LineInfo] 2025-02-25 21:06:08,315 [INFO] ThirdParty:1030 - CMSIS Pack Vendor :STMicroelectronics X-CUBE-TOUCHGFX 4.24.2
2025-02-25 21:06:08,316 DEBUG [LineInfo_to_exitCode.log_LineInfo] 2025-02-25 21:06:08,315 [INFO] ThirdParty:1030 - CMSIS Pack Vendor :wolfSSL I-CUBE-wolfTPM 3.4.0
2025-02-25 21:06:08,316 DEBUG [LineInfo_to_exitCode.log_LineInfo] 2025-02-25 21:06:08,315 [INFO] ThirdParty:1030 - CMSIS Pack Vendor :portGmbH I-Cube-SoM-uGOAL 1.1.0
2025-02-25 21:06:08,316 DEBUG [LineInfo_to_exitCode.log_LineInfo] 2025-02-25 21:06:08,315 [INFO] ThirdParty:1030 - CMSIS Pack Vendor :STMicroelectronics X-CUBE-AI 10.0.0
2025-02-25 21:06:08,316 DEBUG [LineInfo_to_exitCode.log_LineInfo] 2025-02-25 21:06:08,315 [INFO] ThirdParty:1030 - CMSIS Pack Vendor :STMicroelectronics ThreadX 1.0.0
2025-02-25 21:06:08,316 DEBUG [LineInfo_to_exitCode.log_LineInfo] 2025-02-25 21:06:08,315 [INFO] ThirdParty:1030 - CMSIS Pack Vendor :STMicroelectronics FP-SNS-SMARTAG2 1.2.0
2025-02-25 21:06:08,316 DEBUG [LineInfo_to_exitCode.log_LineInfo] 2025-02-25 21:06:08,315 [INFO] ThirdParty:1030 - CMSIS Pack Vendor :STMicroelectronics X-CUBE-MEMS1 11.1.0
2025-02-25 21:06:08,316 DEBUG [LineInfo_to_exitCode.log_LineInfo] 2025-02-25 21:06:08,315 [INFO] ThirdParty:1030 - CMSIS Pack Vendor :STMicroelectronics X-CUBE-AZRTOS-WL 2.0.0
2025-02-25 21:06:08,316 DEBUG [LineInfo_to_exitCode.log_LineInfo] 2025-02-25 21:06:08,315 [INFO] ThirdParty:1030 - CMSIS Pack Vendor :SEGGER I-CUBE-embOS 1.3.1
2025-02-25 21:06:08,316 DEBUG [LineInfo_to_exitCode.log_LineInfo] 2025-02-25 21:06:08,315 [INFO] ThirdParty:1030 - CMSIS Pack Vendor :STMicroelectronics X-CUBE-ALGOBUILD 1.4.0
2025-02-25 21:06:08,316 DEBUG [LineInfo_to_exitCode.log_LineInfo] 2025-02-25 21:06:08,315 [INFO] ThirdParty:1030 - CMSIS Pack Vendor :STMicroelectronics FP-SNS-MOTENV1 5.0.0
2025-02-25 21:06:08,316 DEBUG [LineInfo_to_exitCode.log_LineInfo] 2025-02-25 21:06:08,315 [INFO] ThirdParty:1030 - CMSIS Pack Vendor :STMicroelectronics USB_DEVICE 1.0.0
2025-02-25 21:06:08,316 DEBUG [LineInfo_to_exitCode.log_LineInfo] 2025-02-25 21:06:08,315 [INFO] ThirdParty:1030 - CMSIS Pack Vendor :STMicroelectronics X-CUBE-AZRTOS-H7RS 1.0.0
2025-02-25 21:06:08,316 DEBUG [LineInfo_to_exitCode.log_LineInfo] 2025-02-25 21:06:08,315 [INFO] ThirdParty:1030 - CMSIS Pack Vendor :wolfSSL I-CUBE-wolfMQTT 1.19.0
2025-02-25 21:06:08,316 DEBUG [LineInfo_to_exitCode.log_LineInfo] 2025-02-25 21:06:08,315 [INFO] ThirdParty:1030 - CMSIS Pack Vendor :STMicroelectronics X-CUBE-AZRTOS-L4 2.0.0
2025-02-25 21:06:08,316 DEBUG [LineInfo_to_exitCode.log_LineInfo] 2025-02-25 21:06:08,315 [INFO] ThirdParty:1030 - CMSIS Pack Vendor :STMicroelectronics ThreadX 0.0.2
2025-02-25 21:06:08,316 DEBUG [LineInfo_to_exitCode.log_LineInfo] 2025-02-25 21:06:08,315 [INFO] ThirdParty:1030 - CMSIS Pack Vendor :WES I-CUBE-Cesium 1.3.0
2025-02-25 21:06:08,317 DEBUG [LineInfo_to_exitCode.log_LineInfo] 2025-02-25 21:06:08,315 [INFO] ThirdParty:1030 - CMSIS Pack Vendor :STMicroelectronics lwIP 2.1.2
2025-02-25 21:06:08,317 DEBUG [LineInfo_to_exitCode.log_LineInfo] 2025-02-25 21:06:08,315 [INFO] ThirdParty:1030 - CMSIS Pack Vendor :STMicroelectronics X-CUBE-SFXS2LP1 4.0.0
2025-02-25 21:06:08,317 DEBUG [LineInfo_to_exitCode.log_LineInfo] 2025-02-25 21:06:08,315 [INFO] ThirdParty:1030 - CMSIS Pack Vendor :STMicroelectronics X-CUBE-BLE2 3.3.0
2025-02-25 21:06:08,317 DEBUG [LineInfo_to_exitCode.log_LineInfo] 2025-02-25 21:06:08,315 [INFO] ThirdParty:1030 - CMSIS Pack Vendor :STMicroelectronics X-CUBE-TOF1 3.4.2
2025-02-25 21:06:08,317 DEBUG [LineInfo_to_exitCode.log_LineInfo] 2025-02-25 21:06:08,315 [INFO] ThirdParty:1030 - CMSIS Pack Vendor :STMicroelectronics PDM2PCM 3.2.0
2025-02-25 21:06:08,317 DEBUG [LineInfo_to_exitCode.log_LineInfo] 2025-02-25 21:06:08,315 [INFO] ThirdParty:1030 - CMSIS Pack Vendor :wolfSSL I-CUBE-wolfSSH 1.4.17
2025-02-25 21:06:08,317 DEBUG [LineInfo_to_exitCode.log_LineInfo] 2025-02-25 21:06:08,315 [INFO] ThirdParty:841 - exiting critical section [change project]
2025-02-25 21:06:08,658 DEBUG [LineInfo_to_exitCode.log_LineInfo] 2025-02-25 21:06:08,658 [INFO] PinOutPanel:1589 - setPackage(No Configuration,No Configuration)
2025-02-25 21:06:08,659 DEBUG [LineInfo_to_exitCode.log_LineInfo] 2025-02-25 21:06:08,659 [INFO] PinOutPanel:1589 - setPackage(STM32G474RETx,LQFP64)
2025-02-25 21:06:08,991 DEBUG [LineInfo_to_exitCode.log_LineInfo] 2025-02-25 21:06:08,991 [INFO] UtilMem:75 - Before build in PCC Used Memory: 410170336 Bytes (1203765248)
2025-02-25 21:06:09,564 DEBUG [LineInfo_to_exitCode.log_LineInfo] 2025-02-25 21:06:09,564 [INFO] UtilMem:75 - After build in PCC Used Memory: 521317344 Bytes (1203765248)
2025-02-25 21:06:09,639 DEBUG [LineInfo_to_exitCode.log_LineInfo] 2025-02-25 21:06:09,639 [INFO] ApiDbMcu:508 - Load IP Config File for MotorControl
2025-02-25 21:06:09,656 DEBUG [LineInfo_to_exitCode.log_LineInfo] 2025-02-25 21:06:09,656 [INFO] IPUIPlugin:80 - create IPUIPlugin
2025-02-25 21:06:09,656 DEBUG [LineInfo_to_exitCode.log_LineInfo] 2025-02-25 21:06:09,656 [INFO] IPUIPlugin:80 - create IPUIPlugin
2025-02-25 21:06:09,656 DEBUG [LineInfo_to_exitCode.log_LineInfo] 2025-02-25 21:06:09,656 [INFO] IPUIPlugin:80 - create IPUIPlugin
2025-02-25 21:06:09,656 DEBUG [LineInfo_to_exitCode.log_LineInfo] 2025-02-25 21:06:09,656 [INFO] IPUIPlugin:80 - create IPUIPlugin
2025-02-25 21:06:09,656 DEBUG [LineInfo_to_exitCode.log_LineInfo] 2025-02-25 21:06:09,656 [INFO] IPUIPlugin:80 - create IPUIPlugin
2025-02-25 21:06:09,656 DEBUG [LineInfo_to_exitCode.log_LineInfo] 2025-02-25 21:06:09,656 [INFO] IPUIPlugin:80 - create IPUIPlugin
2025-02-25 21:06:09,656 DEBUG [LineInfo_to_exitCode.log_LineInfo] 2025-02-25 21:06:09,656 [INFO] IPUIPlugin:80 - create IPUIPlugin
2025-02-25 21:06:09,656 DEBUG [LineInfo_to_exitCode.log_LineInfo] 2025-02-25 21:06:09,656 [INFO] IPUIPlugin:80 - create IPUIPlugin
2025-02-25 21:06:09,656 DEBUG [LineInfo_to_exitCode.log_LineInfo] 2025-02-25 21:06:09,656 [INFO] IPUIPlugin:80 - create IPUIPlugin
2025-02-25 21:06:09,656 DEBUG [LineInfo_to_exitCode.log_LineInfo] 2025-02-25 21:06:09,656 [INFO] IPUIPlugin:80 - create IPUIPlugin
2025-02-25 21:06:09,656 DEBUG [LineInfo_to_exitCode.log_LineInfo] 2025-02-25 21:06:09,656 [INFO] IPUIPlugin:80 - create IPUIPlugin
2025-02-25 21:06:09,656 DEBUG [LineInfo_to_exitCode.log_LineInfo] 2025-02-25 21:06:09,656 [INFO] IPUIPlugin:80 - create IPUIPlugin
2025-02-25 21:06:09,656 DEBUG [LineInfo_to_exitCode.log_LineInfo] 2025-02-25 21:06:09,656 [INFO] IPUIPlugin:80 - create IPUIPlugin
2025-02-25 21:06:09,657 DEBUG [LineInfo_to_exitCode.log_LineInfo] 2025-02-25 21:06:09,656 [INFO] IPUIPlugin:80 - create IPUIPlugin
2025-02-25 21:06:09,657 DEBUG [LineInfo_to_exitCode.log_LineInfo] 2025-02-25 21:06:09,656 [INFO] IPUIPlugin:80 - create IPUIPlugin
2025-02-25 21:06:09,657 DEBUG [LineInfo_to_exitCode.log_LineInfo] 2025-02-25 21:06:09,656 [INFO] IPUIPlugin:80 - create IPUIPlugin
2025-02-25 21:06:09,657 DEBUG [LineInfo_to_exitCode.log_LineInfo] 2025-02-25 21:06:09,657 [INFO] IPUIPlugin:80 - create IPUIPlugin
2025-02-25 21:06:09,657 DEBUG [LineInfo_to_exitCode.log_LineInfo] 2025-02-25 21:06:09,657 [INFO] IPUIPlugin:80 - create IPUIPlugin
2025-02-25 21:06:09,657 DEBUG [LineInfo_to_exitCode.log_LineInfo] 2025-02-25 21:06:09,657 [INFO] IPUIPlugin:80 - create IPUIPlugin
2025-02-25 21:06:09,657 DEBUG [LineInfo_to_exitCode.log_LineInfo] 2025-02-25 21:06:09,657 [INFO] IPUIPlugin:80 - create IPUIPlugin
2025-02-25 21:06:09,657 DEBUG [LineInfo_to_exitCode.log_LineInfo] 2025-02-25 21:06:09,657 [INFO] IPUIPlugin:80 - create IPUIPlugin
2025-02-25 21:06:09,657 DEBUG [LineInfo_to_exitCode.log_LineInfo] 2025-02-25 21:06:09,657 [INFO] IPUIPlugin:80 - create IPUIPlugin
2025-02-25 21:06:09,657 DEBUG [LineInfo_to_exitCode.log_LineInfo] 2025-02-25 21:06:09,657 [INFO] IPUIPlugin:80 - create IPUIPlugin
2025-02-25 21:06:09,657 DEBUG [LineInfo_to_exitCode.log_LineInfo] 2025-02-25 21:06:09,657 [INFO] IPUIPlugin:80 - create IPUIPlugin
2025-02-25 21:06:09,657 DEBUG [LineInfo_to_exitCode.log_LineInfo] 2025-02-25 21:06:09,657 [INFO] IPUIPlugin:80 - create IPUIPlugin
2025-02-25 21:06:09,657 DEBUG [LineInfo_to_exitCode.log_LineInfo] 2025-02-25 21:06:09,657 [INFO] IPUIPlugin:80 - create IPUIPlugin
2025-02-25 21:06:09,657 DEBUG [LineInfo_to_exitCode.log_LineInfo] 2025-02-25 21:06:09,657 [INFO] IPUIPlugin:80 - create IPUIPlugin
2025-02-25 21:06:09,657 DEBUG [LineInfo_to_exitCode.log_LineInfo] 2025-02-25 21:06:09,657 [INFO] IPUIPlugin:80 - create IPUIPlugin
2025-02-25 21:06:09,657 DEBUG [LineInfo_to_exitCode.log_LineInfo] 2025-02-25 21:06:09,657 [INFO] IPUIPlugin:80 - create IPUIPlugin
2025-02-25 21:06:09,657 DEBUG [LineInfo_to_exitCode.log_LineInfo] 2025-02-25 21:06:09,657 [INFO] IPUIPlugin:80 - create IPUIPlugin
2025-02-25 21:06:09,657 DEBUG [LineInfo_to_exitCode.log_LineInfo] 2025-02-25 21:06:09,657 [INFO] IPUIPlugin:80 - create IPUIPlugin
2025-02-25 21:06:09,657 DEBUG [LineInfo_to_exitCode.log_LineInfo] 2025-02-25 21:06:09,657 [INFO] IPUIPlugin:80 - create IPUIPlugin
2025-02-25 21:06:09,657 DEBUG [LineInfo_to_exitCode.log_LineInfo] 2025-02-25 21:06:09,657 [INFO] IPUIPlugin:80 - create IPUIPlugin
2025-02-25 21:06:09,657 DEBUG [LineInfo_to_exitCode.log_LineInfo] 2025-02-25 21:06:09,657 [INFO] IPUIPlugin:80 - create IPUIPlugin
2025-02-25 21:06:09,658 DEBUG [LineInfo_to_exitCode.log_LineInfo] 2025-02-25 21:06:09,658 [INFO] IPUIPlugin:80 - create IPUIPlugin
2025-02-25 21:06:09,658 DEBUG [LineInfo_to_exitCode.log_LineInfo] 2025-02-25 21:06:09,658 [INFO] IPUIPlugin:80 - create IPUIPlugin
2025-02-25 21:06:09,658 DEBUG [LineInfo_to_exitCode.log_LineInfo] 2025-02-25 21:06:09,658 [INFO] IPUIPlugin:80 - create IPUIPlugin
2025-02-25 21:06:09,658 DEBUG [LineInfo_to_exitCode.log_LineInfo] 2025-02-25 21:06:09,658 [INFO] IPUIPlugin:80 - create IPUIPlugin
2025-02-25 21:06:09,658 DEBUG [LineInfo_to_exitCode.log_LineInfo] 2025-02-25 21:06:09,658 [INFO] IPUIPlugin:80 - create IPUIPlugin
2025-02-25 21:06:09,658 DEBUG [LineInfo_to_exitCode.log_LineInfo] 2025-02-25 21:06:09,658 [INFO] IPUIPlugin:80 - create IPUIPlugin
2025-02-25 21:06:09,658 DEBUG [LineInfo_to_exitCode.log_LineInfo] 2025-02-25 21:06:09,658 [INFO] IPUIPlugin:80 - create IPUIPlugin
2025-02-25 21:06:09,658 DEBUG [LineInfo_to_exitCode.log_LineInfo] 2025-02-25 21:06:09,658 [INFO] IPUIPlugin:80 - create IPUIPlugin
2025-02-25 21:06:09,658 DEBUG [LineInfo_to_exitCode.log_LineInfo] 2025-02-25 21:06:09,658 [INFO] IPUIPlugin:80 - create IPUIPlugin
2025-02-25 21:06:09,659 DEBUG [LineInfo_to_exitCode.log_LineInfo] 2025-02-25 21:06:09,659 [INFO] IPUIPlugin:80 - create IPUIPlugin
2025-02-25 21:06:09,659 DEBUG [LineInfo_to_exitCode.log_LineInfo] 2025-02-25 21:06:09,659 [INFO] IPUIPlugin:80 - create IPUIPlugin
2025-02-25 21:06:09,659 DEBUG [LineInfo_to_exitCode.log_LineInfo] 2025-02-25 21:06:09,659 [INFO] IPUIPlugin:80 - create IPUIPlugin
2025-02-25 21:06:09,659 DEBUG [LineInfo_to_exitCode.log_LineInfo] 2025-02-25 21:06:09,659 [INFO] IPUIPlugin:80 - create IPUIPlugin
2025-02-25 21:06:09,659 DEBUG [LineInfo_to_exitCode.log_LineInfo] 2025-02-25 21:06:09,659 [INFO] IPUIPlugin:80 - create IPUIPlugin
2025-02-25 21:06:09,659 DEBUG [LineInfo_to_exitCode.log_LineInfo] 2025-02-25 21:06:09,659 [INFO] IPUIPlugin:80 - create IPUIPlugin
2025-02-25 21:06:09,659 DEBUG [LineInfo_to_exitCode.log_LineInfo] 2025-02-25 21:06:09,659 [INFO] IPUIPlugin:80 - create IPUIPlugin
2025-02-25 21:06:09,659 DEBUG [LineInfo_to_exitCode.log_LineInfo] 2025-02-25 21:06:09,659 [INFO] IPUIPlugin:80 - create IPUIPlugin
2025-02-25 21:06:09,659 DEBUG [LineInfo_to_exitCode.log_LineInfo] 2025-02-25 21:06:09,659 [INFO] IPUIPlugin:80 - create IPUIPlugin
2025-02-25 21:06:09,659 DEBUG [LineInfo_to_exitCode.log_LineInfo] 2025-02-25 21:06:09,659 [INFO] IPUIPlugin:80 - create IPUIPlugin
2025-02-25 21:06:09,660 DEBUG [LineInfo_to_exitCode.log_LineInfo] 2025-02-25 21:06:09,660 [INFO] IPUIPlugin:80 - create IPUIPlugin
2025-02-25 21:06:09,660 DEBUG [LineInfo_to_exitCode.log_LineInfo] 2025-02-25 21:06:09,660 [INFO] IPUIPlugin:80 - create IPUIPlugin
2025-02-25 21:06:09,660 DEBUG [LineInfo_to_exitCode.log_LineInfo] 2025-02-25 21:06:09,660 [INFO] IPUIPlugin:80 - create IPUIPlugin
2025-02-25 21:06:09,660 DEBUG [LineInfo_to_exitCode.log_LineInfo] 2025-02-25 21:06:09,660 [INFO] IPUIPlugin:80 - create IPUIPlugin
2025-02-25 21:06:09,660 DEBUG [LineInfo_to_exitCode.log_LineInfo] 2025-02-25 21:06:09,660 [INFO] IPUIPlugin:80 - create IPUIPlugin
2025-02-25 21:06:09,660 DEBUG [LineInfo_to_exitCode.log_LineInfo] 2025-02-25 21:06:09,660 [INFO] IPUIPlugin:80 - create IPUIPlugin
2025-02-25 21:06:09,660 DEBUG [LineInfo_to_exitCode.log_LineInfo] 2025-02-25 21:06:09,660 [INFO] IPUIPlugin:80 - create IPUIPlugin
2025-02-25 21:06:09,660 DEBUG [LineInfo_to_exitCode.log_LineInfo] 2025-02-25 21:06:09,660 [INFO] IPUIPlugin:80 - create IPUIPlugin
2025-02-25 21:06:09,661 DEBUG [LineInfo_to_exitCode.log_LineInfo] 2025-02-25 21:06:09,660 [INFO] IPUIPlugin:80 - create IPUIPlugin
2025-02-25 21:06:09,661 DEBUG [LineInfo_to_exitCode.log_LineInfo] 2025-02-25 21:06:09,661 [INFO] IPUIPlugin:80 - create IPUIPlugin
2025-02-25 21:06:09,661 DEBUG [LineInfo_to_exitCode.log_LineInfo] 2025-02-25 21:06:09,661 [INFO] IPUIPlugin:80 - create IPUIPlugin
2025-02-25 21:06:09,661 DEBUG [LineInfo_to_exitCode.log_LineInfo] 2025-02-25 21:06:09,661 [INFO] IPUIPlugin:80 - create IPUIPlugin
2025-02-25 21:06:09,661 DEBUG [LineInfo_to_exitCode.log_LineInfo] 2025-02-25 21:06:09,661 [INFO] IPUIPlugin:80 - create IPUIPlugin
2025-02-25 21:06:09,661 DEBUG [LineInfo_to_exitCode.log_LineInfo] 2025-02-25 21:06:09,661 [INFO] IPUIPlugin:80 - create IPUIPlugin
2025-02-25 21:06:09,661 DEBUG [LineInfo_to_exitCode.log_LineInfo] 2025-02-25 21:06:09,661 [INFO] IPUIPlugin:80 - create IPUIPlugin
2025-02-25 21:06:09,662 DEBUG [LineInfo_to_exitCode.log_LineInfo] 2025-02-25 21:06:09,661 [INFO] IPUIPlugin:80 - create IPUIPlugin
2025-02-25 21:06:09,662 DEBUG [LineInfo_to_exitCode.log_LineInfo] 2025-02-25 21:06:09,662 [INFO] IPUIPlugin:80 - create IPUIPlugin
2025-02-25 21:06:09,662 DEBUG [LineInfo_to_exitCode.log_LineInfo] 2025-02-25 21:06:09,662 [INFO] IPUIPlugin:80 - create IPUIPlugin
2025-02-25 21:06:09,662 DEBUG [LineInfo_to_exitCode.log_LineInfo] 2025-02-25 21:06:09,662 [INFO] IPUIPlugin:80 - create IPUIPlugin
2025-02-25 21:06:09,662 DEBUG [LineInfo_to_exitCode.log_LineInfo] 2025-02-25 21:06:09,662 [INFO] IPUIPlugin:80 - create IPUIPlugin
2025-02-25 21:06:09,662 DEBUG [LineInfo_to_exitCode.log_LineInfo] 2025-02-25 21:06:09,662 [INFO] IPUIPlugin:80 - create IPUIPlugin
2025-02-25 21:06:09,663 DEBUG [LineInfo_to_exitCode.log_LineInfo] 2025-02-25 21:06:09,663 [INFO] IPUIPlugin:80 - create IPUIPlugin
2025-02-25 21:06:09,663 DEBUG [LineInfo_to_exitCode.log_LineInfo] 2025-02-25 21:06:09,663 [INFO] IPUIPlugin:80 - create IPUIPlugin
2025-02-25 21:06:09,663 DEBUG [LineInfo_to_exitCode.log_LineInfo] 2025-02-25 21:06:09,663 [INFO] IPUIPlugin:80 - create IPUIPlugin
2025-02-25 21:06:09,663 DEBUG [LineInfo_to_exitCode.log_LineInfo] 2025-02-25 21:06:09,663 [INFO] IPUIPlugin:80 - create IPUIPlugin
2025-02-25 21:06:09,821 DEBUG [LineInfo_to_exitCode.log_LineInfo] 2025-02-25 21:06:09,821 [INFO] CADModel:165 - CPN selected for project levelSTM32G474RET3
2025-02-25 21:06:09,822 DEBUG [LineInfo_to_exitCode.log_LineInfo] 2025-02-25 21:06:09,821 [INFO] CADModel:114 - Register for checkConnection events
2025-02-25 21:06:09,965 DEBUG [LineInfo_to_exitCode.log_LineInfo] 2025-02-25 21:06:09,964 [INFO] OpenFileManager:363 - Restore cursor
2025-02-25 21:06:10,269 DEBUG [LineInfo_to_exitCode.log_LineInfo] 2025-02-25 21:06:10,269 [INFO] UserAuth:486 - Internet connection configuration mode: 1
2025-02-25 21:06:23,859 DEBUG [LineInfo_to_exitCode.log_LineInfo] 2025-02-25 21:06:23,859 [INFO] ServerAccessManage:473 - Download File stm32cube_fw_g4_v160.zip
2025-02-25 21:10:26,085 DEBUG [LineInfo_to_exitCode.log_LineInfo] 2025-02-25 21:10:26,084 [INFO] AnalyticsPlugin:368 - Accepted License(s): [FW.G4.1.6.0]
2025-02-25 21:10:26,085 DEBUG [LineInfo_to_exitCode.log_LineInfo] 2025-02-25 21:10:26,085 [INFO] FileExtend:240 - Unzip File : stm32cube_fw_g4_v160.zip
2025-02-25 21:10:26,086 DEBUG [LineInfo_to_exitCode.log_LineInfo] 2025-02-25 21:10:26,085 [INFO] FileExtend:255 - Standard Zip Deflate
2025-02-25 21:10:36,447 DEBUG [LineInfo_to_exitCode.log_LineInfo] 2025-02-25 21:10:36,447 [INFO] LoadServerPackagesThread:196 - End of LoadServerPackages Thread
2025-02-25 21:10:36,663 DEBUG [LineInfo_to_exitCode.log_LineInfo] 2025-02-25 21:10:36,663 [INFO] ThirdPartyModel:298 - Start build external matchings
2025-02-25 21:10:36,713 DEBUG [LineInfo_to_exitCode.log_LineInfo] 2025-02-25 21:10:36,712 [INFO] UtilMem:75 - End SaveConfig() Used Memory: 1336876272 Bytes (4961861632)
2025-02-25 21:10:37,009 DEBUG [LineInfo_to_exitCode.log_LineInfo] 2025-02-25 21:10:37,009 [INFO] ThirdPartyModel:316 - End build external matchings
2025-02-25 21:10:37,017 DEBUG [LineInfo_to_exitCode.log_LineInfo] 2025-02-25 21:10:37,016 [INFO] CheckServerUpdateThread:120 - End of CheckServer Thread
2025-02-25 21:10:37,204 DEBUG [LineInfo_to_exitCode.log_LineInfo] 2025-02-25 21:10:37,203 [INFO] BlockDiagram:2766 - set Specific Code input for plugin: MotorControl
2025-02-25 21:10:37,204 DEBUG [LineInfo_to_exitCode.log_LineInfo] 2025-02-25 21:10:37,204 [INFO] BlockDiagram:2766 - set Specific Code input for plugin: DAC
2025-02-25 21:10:37,204 DEBUG [LineInfo_to_exitCode.log_LineInfo] 2025-02-25 21:10:37,204 [INFO] BlockDiagram:2766 - set Specific Code input for plugin: TIM1_8G4
2025-02-25 21:10:37,204 DEBUG [LineInfo_to_exitCode.log_LineInfo] 2025-02-25 21:10:37,204 [INFO] BlockDiagram:2766 - set Specific Code input for plugin: ADC
2025-02-25 21:10:37,204 DEBUG [LineInfo_to_exitCode.log_LineInfo] 2025-02-25 21:10:37,204 [INFO] BlockDiagram:2766 - set Specific Code input for plugin: SYS
2025-02-25 21:10:37,204 DEBUG [LineInfo_to_exitCode.log_LineInfo] 2025-02-25 21:10:37,204 [INFO] BlockDiagram:2766 - set Specific Code input for plugin: ADC
2025-02-25 21:10:37,204 DEBUG [LineInfo_to_exitCode.log_LineInfo] 2025-02-25 21:10:37,204 [INFO] BlockDiagram:2766 - set Specific Code input for plugin: RCC
2025-02-25 21:10:37,204 DEBUG [LineInfo_to_exitCode.log_LineInfo] 2025-02-25 21:10:37,204 [INFO] BlockDiagram:2766 - set Specific Code input for plugin: NVIC
2025-02-25 21:10:37,204 DEBUG [LineInfo_to_exitCode.log_LineInfo] 2025-02-25 21:10:37,204 [INFO] BlockDiagram:2766 - set Specific Code input for plugin: USART
2025-02-25 21:10:37,204 DEBUG [LineInfo_to_exitCode.log_LineInfo] 2025-02-25 21:10:37,204 [INFO] BlockDiagram:2766 - set Specific Code input for plugin: DMA
2025-02-25 21:10:37,204 DEBUG [LineInfo_to_exitCode.log_LineInfo] 2025-02-25 21:10:37,204 [INFO] BlockDiagram:2766 - set Specific Code input for plugin: CORDIC
2025-02-25 21:10:37,205 DEBUG [LineInfo_to_exitCode.log_LineInfo] 2025-02-25 21:10:37,205 [INFO] BlockDiagram:2766 - set Specific Code input for plugin: GPIO
2025-02-25 21:10:37,210 DEBUG [LineInfo_to_exitCode.log_LineInfo] 2025-02-25 21:10:37,210 [INFO] CodeGenerator:896 - code generatio: config db path: C:\Program Files\STMicroelectronics\STM32Cube\STM32CubeMX\\db\
2025-02-25 21:10:37,431 DEBUG [LineInfo_to_exitCode.log_LineInfo] 2025-02-25 21:10:37,431 [INFO] CodeEngine:255 - oldGeneratedFile, C:\Users\thepr\git\EPCL_FW_MCSDK_001\prj\g474_ihm16m1_EPCL\MXTmpFiles\license.tmp_save
2025-02-25 21:10:37,810 DEBUG [LineInfo_to_exitCode.log_LineInfo] 2025-02-25 21:10:37,810 [INFO] CodeEngine:279 - Generated code: C:\Users\thepr\git\EPCL_FW_MCSDK_001\prj\g474_ihm16m1_EPCL\MXTmpFiles\license.tmp
2025-02-25 21:10:37,960 DEBUG [LineInfo_to_exitCode.log_LineInfo] 2025-02-25 21:10:37,959 [INFO] CodeEngine:255 - oldGeneratedFile, C:\Users\thepr\git\EPCL_FW_MCSDK_001\prj\g474_ihm16m1_EPCL\MXTmpFiles\gpio.tmp_save
2025-02-25 21:10:38,051 DEBUG [LineInfo_to_exitCode.log_LineInfo] 2025-02-25 21:10:38,050 [INFO] CodeEngine:279 - Generated code: C:\Users\thepr\git\EPCL_FW_MCSDK_001\prj\g474_ihm16m1_EPCL\MXTmpFiles\gpio.tmp
2025-02-25 21:10:39,066 DEBUG [LineInfo_to_exitCode.log_LineInfo] 2025-02-25 21:10:39,066 [INFO] Middleware:1450 - No code input for Bsp Dependency
2025-02-25 21:10:39,178 DEBUG [LineInfo_to_exitCode.log_LineInfo] 2025-02-25 21:10:39,178 [INFO] CodeEngine:255 - oldGeneratedFile, C:\Users\thepr\git\EPCL_FW_MCSDK_001\prj\g474_ihm16m1_EPCL\MXTmpFiles\dma.tmp_save
2025-02-25 21:10:39,236 DEBUG [LineInfo_to_exitCode.log_LineInfo] 2025-02-25 21:10:39,235 [INFO] CodeEngine:279 - Generated code: C:\Users\thepr\git\EPCL_FW_MCSDK_001\prj\g474_ihm16m1_EPCL\MXTmpFiles\dma.tmp
2025-02-25 21:10:39,238 DEBUG [LineInfo_to_exitCode.log_LineInfo] 2025-02-25 21:10:39,238 [INFO] CodeEngine:255 - oldGeneratedFile, C:\Users\thepr\git\EPCL_FW_MCSDK_001\prj\g474_ihm16m1_EPCL\MXTmpFiles\dma_GV.tmp_save
2025-02-25 21:10:39,286 DEBUG [LineInfo_to_exitCode.log_LineInfo] 2025-02-25 21:10:39,286 [INFO] CodeEngine:279 - Generated code: C:\Users\thepr\git\EPCL_FW_MCSDK_001\prj\g474_ihm16m1_EPCL\MXTmpFiles\dma_GV.tmp
2025-02-25 21:10:39,358 DEBUG [LineInfo_to_exitCode.log_LineInfo] 2025-02-25 21:10:39,358 [INFO] Middleware:1450 - No code input for Bsp Dependency
2025-02-25 21:10:39,406 DEBUG [LineInfo_to_exitCode.log_LineInfo] 2025-02-25 21:10:39,406 [INFO] CodeEngine:255 - oldGeneratedFile, C:\Users\thepr\git\EPCL_FW_MCSDK_001\prj\g474_ihm16m1_EPCL\Src\motorcontrol.c_save
2025-02-25 21:10:39,453 INFO  [LineInfo_to_exitCode.log_LineInfo] Generated code: C:\Users\thepr\git\EPCL_FW_MCSDK_001\prj\g474_ihm16m1_EPCL\Src\motorcontrol.c
2025-02-25 21:10:39,456 DEBUG [LineInfo_to_exitCode.log_LineInfo] 2025-02-25 21:10:39,455 [INFO] CodeEngine:255 - oldGeneratedFile, C:\Users\thepr\git\EPCL_FW_MCSDK_001\prj\g474_ihm16m1_EPCL\Inc\motorcontrol.h_save
2025-02-25 21:10:39,499 INFO  [LineInfo_to_exitCode.log_LineInfo] Generated code: C:\Users\thepr\git\EPCL_FW_MCSDK_001\prj\g474_ihm16m1_EPCL\Inc\motorcontrol.h
2025-02-25 21:10:39,502 DEBUG [LineInfo_to_exitCode.log_LineInfo] 2025-02-25 21:10:39,502 [INFO] CodeEngine:255 - oldGeneratedFile, C:\Users\thepr\git\EPCL_FW_MCSDK_001\prj\g474_ihm16m1_EPCL\Inc\drive_parameters.h_save
2025-02-25 21:10:39,609 INFO  [LineInfo_to_exitCode.log_LineInfo] Generated code: C:\Users\thepr\git\EPCL_FW_MCSDK_001\prj\g474_ihm16m1_EPCL\Inc\drive_parameters.h
2025-02-25 21:10:39,612 DEBUG [LineInfo_to_exitCode.log_LineInfo] 2025-02-25 21:10:39,612 [INFO] CodeEngine:255 - oldGeneratedFile, C:\Users\thepr\git\EPCL_FW_MCSDK_001\prj\g474_ihm16m1_EPCL\Inc\mc_type.h_save
2025-02-25 21:10:39,666 INFO  [LineInfo_to_exitCode.log_LineInfo] Generated code: C:\Users\thepr\git\EPCL_FW_MCSDK_001\prj\g474_ihm16m1_EPCL\Inc\mc_type.h
2025-02-25 21:10:39,670 DEBUG [LineInfo_to_exitCode.log_LineInfo] 2025-02-25 21:10:39,670 [INFO] CodeEngine:255 - oldGeneratedFile, C:\Users\thepr\git\EPCL_FW_MCSDK_001\prj\g474_ihm16m1_EPCL\Inc\mc_tasks.h_save
2025-02-25 21:10:39,719 INFO  [LineInfo_to_exitCode.log_LineInfo] Generated code: C:\Users\thepr\git\EPCL_FW_MCSDK_001\prj\g474_ihm16m1_EPCL\Inc\mc_tasks.h
2025-02-25 21:10:39,722 DEBUG [LineInfo_to_exitCode.log_LineInfo] 2025-02-25 21:10:39,722 [INFO] CodeEngine:255 - oldGeneratedFile, C:\Users\thepr\git\EPCL_FW_MCSDK_001\prj\g474_ihm16m1_EPCL\Src\pwm_common.c_save
2025-02-25 21:10:39,770 INFO  [LineInfo_to_exitCode.log_LineInfo] Generated code: C:\Users\thepr\git\EPCL_FW_MCSDK_001\prj\g474_ihm16m1_EPCL\Src\pwm_common.c
2025-02-25 21:10:39,773 DEBUG [LineInfo_to_exitCode.log_LineInfo] 2025-02-25 21:10:39,773 [INFO] CodeEngine:255 - oldGeneratedFile, C:\Users\thepr\git\EPCL_FW_MCSDK_001\prj\g474_ihm16m1_EPCL\Inc\pwm_common.h_save
2025-02-25 21:10:39,820 INFO  [LineInfo_to_exitCode.log_LineInfo] Generated code: C:\Users\thepr\git\EPCL_FW_MCSDK_001\prj\g474_ihm16m1_EPCL\Inc\pwm_common.h
2025-02-25 21:10:39,823 DEBUG [LineInfo_to_exitCode.log_LineInfo] 2025-02-25 21:10:39,823 [INFO] CodeEngine:255 - oldGeneratedFile, C:\Users\thepr\git\EPCL_FW_MCSDK_001\prj\g474_ihm16m1_EPCL\Src\mc_api.c_save
2025-02-25 21:10:39,890 INFO  [LineInfo_to_exitCode.log_LineInfo] Generated code: C:\Users\thepr\git\EPCL_FW_MCSDK_001\prj\g474_ihm16m1_EPCL\Src\mc_api.c
2025-02-25 21:10:39,894 DEBUG [LineInfo_to_exitCode.log_LineInfo] 2025-02-25 21:10:39,894 [INFO] CodeEngine:255 - oldGeneratedFile, C:\Users\thepr\git\EPCL_FW_MCSDK_001\prj\g474_ihm16m1_EPCL\Inc\mc_api.h_save
2025-02-25 21:10:39,943 INFO  [LineInfo_to_exitCode.log_LineInfo] Generated code: C:\Users\thepr\git\EPCL_FW_MCSDK_001\prj\g474_ihm16m1_EPCL\Inc\mc_api.h
2025-02-25 21:10:39,947 DEBUG [LineInfo_to_exitCode.log_LineInfo] 2025-02-25 21:10:39,946 [INFO] CodeEngine:255 - oldGeneratedFile, C:\Users\thepr\git\EPCL_FW_MCSDK_001\prj\g474_ihm16m1_EPCL\Src\mc_config.c_save
2025-02-25 21:10:40,008 INFO  [LineInfo_to_exitCode.log_LineInfo] Generated code: C:\Users\thepr\git\EPCL_FW_MCSDK_001\prj\g474_ihm16m1_EPCL\Src\mc_config.c
2025-02-25 21:10:40,011 DEBUG [LineInfo_to_exitCode.log_LineInfo] 2025-02-25 21:10:40,011 [INFO] CodeEngine:255 - oldGeneratedFile, C:\Users\thepr\git\EPCL_FW_MCSDK_001\prj\g474_ihm16m1_EPCL\Src\mc_config_common.c_save
2025-02-25 21:10:40,068 INFO  [LineInfo_to_exitCode.log_LineInfo] Generated code: C:\Users\thepr\git\EPCL_FW_MCSDK_001\prj\g474_ihm16m1_EPCL\Src\mc_config_common.c
2025-02-25 21:10:40,071 DEBUG [LineInfo_to_exitCode.log_LineInfo] 2025-02-25 21:10:40,071 [INFO] CodeEngine:255 - oldGeneratedFile, C:\Users\thepr\git\EPCL_FW_MCSDK_001\prj\g474_ihm16m1_EPCL\Inc\mc_config.h_save
2025-02-25 21:10:40,113 INFO  [LineInfo_to_exitCode.log_LineInfo] Generated code: C:\Users\thepr\git\EPCL_FW_MCSDK_001\prj\g474_ihm16m1_EPCL\Inc\mc_config.h
2025-02-25 21:10:40,117 DEBUG [LineInfo_to_exitCode.log_LineInfo] 2025-02-25 21:10:40,116 [INFO] CodeEngine:255 - oldGeneratedFile, C:\Users\thepr\git\EPCL_FW_MCSDK_001\prj\g474_ihm16m1_EPCL\Inc\mc_config_common.h_save
2025-02-25 21:10:40,154 INFO  [LineInfo_to_exitCode.log_LineInfo] Generated code: C:\Users\thepr\git\EPCL_FW_MCSDK_001\prj\g474_ihm16m1_EPCL\Inc\mc_config_common.h
2025-02-25 21:10:40,157 DEBUG [LineInfo_to_exitCode.log_LineInfo] 2025-02-25 21:10:40,157 [INFO] CodeEngine:255 - oldGeneratedFile, C:\Users\thepr\git\EPCL_FW_MCSDK_001\prj\g474_ihm16m1_EPCL\Inc\mcp_config.h_save
2025-02-25 21:10:40,195 INFO  [LineInfo_to_exitCode.log_LineInfo] Generated code: C:\Users\thepr\git\EPCL_FW_MCSDK_001\prj\g474_ihm16m1_EPCL\Inc\mcp_config.h
2025-02-25 21:10:40,197 DEBUG [LineInfo_to_exitCode.log_LineInfo] 2025-02-25 21:10:40,197 [INFO] CodeEngine:255 - oldGeneratedFile, C:\Users\thepr\git\EPCL_FW_MCSDK_001\prj\g474_ihm16m1_EPCL\Src\mcp_config.c_save
2025-02-25 21:10:40,237 INFO  [LineInfo_to_exitCode.log_LineInfo] Generated code: C:\Users\thepr\git\EPCL_FW_MCSDK_001\prj\g474_ihm16m1_EPCL\Src\mcp_config.c
2025-02-25 21:10:40,240 DEBUG [LineInfo_to_exitCode.log_LineInfo] 2025-02-25 21:10:40,239 [INFO] CodeEngine:255 - oldGeneratedFile, C:\Users\thepr\git\EPCL_FW_MCSDK_001\prj\g474_ihm16m1_EPCL\Inc\mc_stm_types.h_save
2025-02-25 21:10:40,283 INFO  [LineInfo_to_exitCode.log_LineInfo] Generated code: C:\Users\thepr\git\EPCL_FW_MCSDK_001\prj\g474_ihm16m1_EPCL\Inc\mc_stm_types.h
2025-02-25 21:10:40,286 DEBUG [LineInfo_to_exitCode.log_LineInfo] 2025-02-25 21:10:40,286 [INFO] CodeEngine:255 - oldGeneratedFile, C:\Users\thepr\git\EPCL_FW_MCSDK_001\prj\g474_ihm16m1_EPCL\Src\mc_tasks.c_save
2025-02-25 21:10:40,342 INFO  [LineInfo_to_exitCode.log_LineInfo] Generated code: C:\Users\thepr\git\EPCL_FW_MCSDK_001\prj\g474_ihm16m1_EPCL\Src\mc_tasks.c
2025-02-25 21:10:40,345 DEBUG [LineInfo_to_exitCode.log_LineInfo] 2025-02-25 21:10:40,345 [INFO] CodeEngine:255 - oldGeneratedFile, C:\Users\thepr\git\EPCL_FW_MCSDK_001\prj\g474_ihm16m1_EPCL\Src\mc_tasks_foc.c_save
2025-02-25 21:10:40,411 INFO  [LineInfo_to_exitCode.log_LineInfo] Generated code: C:\Users\thepr\git\EPCL_FW_MCSDK_001\prj\g474_ihm16m1_EPCL\Src\mc_tasks_foc.c
2025-02-25 21:10:40,414 DEBUG [LineInfo_to_exitCode.log_LineInfo] 2025-02-25 21:10:40,414 [INFO] CodeEngine:255 - oldGeneratedFile, C:\Users\thepr\git\EPCL_FW_MCSDK_001\prj\g474_ihm16m1_EPCL\Src\pwm_curr_fdbk.c_save
2025-02-25 21:10:40,455 INFO  [LineInfo_to_exitCode.log_LineInfo] Generated code: C:\Users\thepr\git\EPCL_FW_MCSDK_001\prj\g474_ihm16m1_EPCL\Src\pwm_curr_fdbk.c
2025-02-25 21:10:40,458 DEBUG [LineInfo_to_exitCode.log_LineInfo] 2025-02-25 21:10:40,458 [INFO] CodeEngine:255 - oldGeneratedFile, C:\Users\thepr\git\EPCL_FW_MCSDK_001\prj\g474_ihm16m1_EPCL\Inc\pwm_curr_fdbk.h_save
2025-02-25 21:10:40,496 INFO  [LineInfo_to_exitCode.log_LineInfo] Generated code: C:\Users\thepr\git\EPCL_FW_MCSDK_001\prj\g474_ihm16m1_EPCL\Inc\pwm_curr_fdbk.h
2025-02-25 21:10:40,499 DEBUG [LineInfo_to_exitCode.log_LineInfo] 2025-02-25 21:10:40,499 [INFO] CodeEngine:255 - oldGeneratedFile, C:\Users\thepr\git\EPCL_FW_MCSDK_001\prj\g474_ihm16m1_EPCL\Src\regular_conversion_manager.c_save
2025-02-25 21:10:40,540 INFO  [LineInfo_to_exitCode.log_LineInfo] Generated code: C:\Users\thepr\git\EPCL_FW_MCSDK_001\prj\g474_ihm16m1_EPCL\Src\regular_conversion_manager.c
2025-02-25 21:10:40,543 DEBUG [LineInfo_to_exitCode.log_LineInfo] 2025-02-25 21:10:40,543 [INFO] CodeEngine:255 - oldGeneratedFile, C:\Users\thepr\git\EPCL_FW_MCSDK_001\prj\g474_ihm16m1_EPCL\Inc\regular_conversion_manager.h_save
2025-02-25 21:10:40,581 INFO  [LineInfo_to_exitCode.log_LineInfo] Generated code: C:\Users\thepr\git\EPCL_FW_MCSDK_001\prj\g474_ihm16m1_EPCL\Inc\regular_conversion_manager.h
2025-02-25 21:10:40,584 DEBUG [LineInfo_to_exitCode.log_LineInfo] 2025-02-25 21:10:40,584 [INFO] CodeEngine:255 - oldGeneratedFile, C:\Users\thepr\git\EPCL_FW_MCSDK_001\prj\g474_ihm16m1_EPCL\Src\mc_math.c_save
2025-02-25 21:10:40,622 INFO  [LineInfo_to_exitCode.log_LineInfo] Generated code: C:\Users\thepr\git\EPCL_FW_MCSDK_001\prj\g474_ihm16m1_EPCL\Src\mc_math.c
2025-02-25 21:10:40,625 DEBUG [LineInfo_to_exitCode.log_LineInfo] 2025-02-25 21:10:40,625 [INFO] CodeEngine:255 - oldGeneratedFile, C:\Users\thepr\git\EPCL_FW_MCSDK_001\prj\g474_ihm16m1_EPCL\Inc\mc_math.h_save
2025-02-25 21:10:40,665 INFO  [LineInfo_to_exitCode.log_LineInfo] Generated code: C:\Users\thepr\git\EPCL_FW_MCSDK_001\prj\g474_ihm16m1_EPCL\Inc\mc_math.h
2025-02-25 21:10:40,668 DEBUG [LineInfo_to_exitCode.log_LineInfo] 2025-02-25 21:10:40,668 [INFO] CodeEngine:255 - oldGeneratedFile, C:\Users\thepr\git\EPCL_FW_MCSDK_001\prj\g474_ihm16m1_EPCL\Src\mc_interface.c_save
2025-02-25 21:10:40,715 INFO  [LineInfo_to_exitCode.log_LineInfo] Generated code: C:\Users\thepr\git\EPCL_FW_MCSDK_001\prj\g474_ihm16m1_EPCL\Src\mc_interface.c
2025-02-25 21:10:40,719 DEBUG [LineInfo_to_exitCode.log_LineInfo] 2025-02-25 21:10:40,719 [INFO] CodeEngine:255 - oldGeneratedFile, C:\Users\thepr\git\EPCL_FW_MCSDK_001\prj\g474_ihm16m1_EPCL\Inc\mc_interface.h_save
2025-02-25 21:10:40,757 INFO  [LineInfo_to_exitCode.log_LineInfo] Generated code: C:\Users\thepr\git\EPCL_FW_MCSDK_001\prj\g474_ihm16m1_EPCL\Inc\mc_interface.h
2025-02-25 21:10:40,760 DEBUG [LineInfo_to_exitCode.log_LineInfo] 2025-02-25 21:10:40,760 [INFO] CodeEngine:255 - oldGeneratedFile, C:\Users\thepr\git\EPCL_FW_MCSDK_001\prj\g474_ihm16m1_EPCL\Inc\parameters_conversion.h_save
2025-02-25 21:10:40,816 INFO  [LineInfo_to_exitCode.log_LineInfo] Generated code: C:\Users\thepr\git\EPCL_FW_MCSDK_001\prj\g474_ihm16m1_EPCL\Inc\parameters_conversion.h
2025-02-25 21:10:40,819 DEBUG [LineInfo_to_exitCode.log_LineInfo] 2025-02-25 21:10:40,819 [INFO] CodeEngine:255 - oldGeneratedFile, C:\Users\thepr\git\EPCL_FW_MCSDK_001\prj\g474_ihm16m1_EPCL\Inc\parameters_conversion_g4xx.h_save
2025-02-25 21:10:40,864 INFO  [LineInfo_to_exitCode.log_LineInfo] Generated code: C:\Users\thepr\git\EPCL_FW_MCSDK_001\prj\g474_ihm16m1_EPCL\Inc\parameters_conversion_g4xx.h
2025-02-25 21:10:40,868 DEBUG [LineInfo_to_exitCode.log_LineInfo] 2025-02-25 21:10:40,868 [INFO] CodeEngine:255 - oldGeneratedFile, C:\Users\thepr\git\EPCL_FW_MCSDK_001\prj\g474_ihm16m1_EPCL\Inc\pmsm_motor_parameters.h_save
2025-02-25 21:10:40,903 INFO  [LineInfo_to_exitCode.log_LineInfo] Generated code: C:\Users\thepr\git\EPCL_FW_MCSDK_001\prj\g474_ihm16m1_EPCL\Inc\pmsm_motor_parameters.h
2025-02-25 21:10:40,905 DEBUG [LineInfo_to_exitCode.log_LineInfo] 2025-02-25 21:10:40,905 [INFO] CodeEngine:255 - oldGeneratedFile, C:\Users\thepr\git\EPCL_FW_MCSDK_001\prj\g474_ihm16m1_EPCL\Inc\power_stage_parameters.h_save
2025-02-25 21:10:40,943 INFO  [LineInfo_to_exitCode.log_LineInfo] Generated code: C:\Users\thepr\git\EPCL_FW_MCSDK_001\prj\g474_ihm16m1_EPCL\Inc\power_stage_parameters.h
2025-02-25 21:10:40,945 DEBUG [LineInfo_to_exitCode.log_LineInfo] 2025-02-25 21:10:40,945 [INFO] CodeEngine:255 - oldGeneratedFile, C:\Users\thepr\git\EPCL_FW_MCSDK_001\prj\g474_ihm16m1_EPCL\Src\stm32_mc_common_it.c_save
2025-02-25 21:10:41,519 INFO  [LineInfo_to_exitCode.log_LineInfo] Generated code: C:\Users\thepr\git\EPCL_FW_MCSDK_001\prj\g474_ihm16m1_EPCL\Src\stm32_mc_common_it.c
2025-02-25 21:10:41,521 DEBUG [LineInfo_to_exitCode.log_LineInfo] 2025-02-25 21:10:41,521 [INFO] CodeEngine:255 - oldGeneratedFile, C:\Users\thepr\git\EPCL_FW_MCSDK_001\prj\g474_ihm16m1_EPCL\Src\stm32g4xx_mc_it.c_save
2025-02-25 21:10:41,561 INFO  [LineInfo_to_exitCode.log_LineInfo] Generated code: C:\Users\thepr\git\EPCL_FW_MCSDK_001\prj\g474_ihm16m1_EPCL\Src\stm32g4xx_mc_it.c
2025-02-25 21:10:41,563 DEBUG [LineInfo_to_exitCode.log_LineInfo] 2025-02-25 21:10:41,563 [INFO] CodeEngine:255 - oldGeneratedFile, C:\Users\thepr\git\EPCL_FW_MCSDK_001\prj\g474_ihm16m1_EPCL\Inc\mc_parameters.h_save
2025-02-25 21:10:41,600 INFO  [LineInfo_to_exitCode.log_LineInfo] Generated code: C:\Users\thepr\git\EPCL_FW_MCSDK_001\prj\g474_ihm16m1_EPCL\Inc\mc_parameters.h
2025-02-25 21:10:41,602 DEBUG [LineInfo_to_exitCode.log_LineInfo] 2025-02-25 21:10:41,602 [INFO] CodeEngine:255 - oldGeneratedFile, C:\Users\thepr\git\EPCL_FW_MCSDK_001\prj\g474_ihm16m1_EPCL\Src\mc_parameters.c_save
2025-02-25 21:10:41,669 INFO  [LineInfo_to_exitCode.log_LineInfo] Generated code: C:\Users\thepr\git\EPCL_FW_MCSDK_001\prj\g474_ihm16m1_EPCL\Src\mc_parameters.c
2025-02-25 21:10:41,671 DEBUG [LineInfo_to_exitCode.log_LineInfo] 2025-02-25 21:10:41,671 [INFO] CodeEngine:255 - oldGeneratedFile, C:\Users\thepr\git\EPCL_FW_MCSDK_001\prj\g474_ihm16m1_EPCL\Src\register_interface.c_save
2025-02-25 21:10:41,726 INFO  [LineInfo_to_exitCode.log_LineInfo] Generated code: C:\Users\thepr\git\EPCL_FW_MCSDK_001\prj\g474_ihm16m1_EPCL\Src\register_interface.c
2025-02-25 21:10:41,729 DEBUG [LineInfo_to_exitCode.log_LineInfo] 2025-02-25 21:10:41,729 [INFO] CodeEngine:255 - oldGeneratedFile, C:\Users\thepr\git\EPCL_FW_MCSDK_001\prj\g474_ihm16m1_EPCL\Src\mcp.c_save
2025-02-25 21:10:41,766 INFO  [LineInfo_to_exitCode.log_LineInfo] Generated code: C:\Users\thepr\git\EPCL_FW_MCSDK_001\prj\g474_ihm16m1_EPCL\Src\mcp.c
2025-02-25 21:10:41,768 DEBUG [LineInfo_to_exitCode.log_LineInfo] 2025-02-25 21:10:41,768 [INFO] CodeEngine:255 - oldGeneratedFile, C:\Users\thepr\git\EPCL_FW_MCSDK_001\prj\g474_ihm16m1_EPCL\Inc\mc_perf.h_save
2025-02-25 21:10:41,801 INFO  [LineInfo_to_exitCode.log_LineInfo] Generated code: C:\Users\thepr\git\EPCL_FW_MCSDK_001\prj\g474_ihm16m1_EPCL\Inc\mc_perf.h
2025-02-25 21:10:41,804 DEBUG [LineInfo_to_exitCode.log_LineInfo] 2025-02-25 21:10:41,803 [INFO] CodeEngine:255 - oldGeneratedFile, C:\Users\thepr\git\EPCL_FW_MCSDK_001\prj\g474_ihm16m1_EPCL\Src\mc_perf.c_save
2025-02-25 21:10:41,839 INFO  [LineInfo_to_exitCode.log_LineInfo] Generated code: C:\Users\thepr\git\EPCL_FW_MCSDK_001\prj\g474_ihm16m1_EPCL\Src\mc_perf.c
2025-02-25 21:10:41,841 DEBUG [LineInfo_to_exitCode.log_LineInfo] 2025-02-25 21:10:41,841 [INFO] CodeEngine:255 - oldGeneratedFile, C:\Users\thepr\git\EPCL_FW_MCSDK_001\prj\g474_ihm16m1_EPCL\Inc\register_interface.h_save
2025-02-25 21:10:41,879 INFO  [LineInfo_to_exitCode.log_LineInfo] Generated code: C:\Users\thepr\git\EPCL_FW_MCSDK_001\prj\g474_ihm16m1_EPCL\Inc\register_interface.h
2025-02-25 21:10:41,881 DEBUG [LineInfo_to_exitCode.log_LineInfo] 2025-02-25 21:10:41,881 [INFO] CodeEngine:255 - oldGeneratedFile, C:\Users\thepr\git\EPCL_FW_MCSDK_001\prj\g474_ihm16m1_EPCL\Src\usart_aspep_driver.c_save
2025-02-25 21:10:41,917 INFO  [LineInfo_to_exitCode.log_LineInfo] Generated code: C:\Users\thepr\git\EPCL_FW_MCSDK_001\prj\g474_ihm16m1_EPCL\Src\usart_aspep_driver.c
2025-02-25 21:10:41,920 DEBUG [LineInfo_to_exitCode.log_LineInfo] 2025-02-25 21:10:41,920 [INFO] CodeEngine:255 - oldGeneratedFile, C:\Users\thepr\git\EPCL_FW_MCSDK_001\prj\g474_ihm16m1_EPCL\Src\dac_ui.c_save
2025-02-25 21:10:41,954 INFO  [LineInfo_to_exitCode.log_LineInfo] Generated code: C:\Users\thepr\git\EPCL_FW_MCSDK_001\prj\g474_ihm16m1_EPCL\Src\dac_ui.c
2025-02-25 21:10:41,956 DEBUG [LineInfo_to_exitCode.log_LineInfo] 2025-02-25 21:10:41,956 [INFO] CodeEngine:255 - oldGeneratedFile, C:\Users\thepr\git\EPCL_FW_MCSDK_001\prj\g474_ihm16m1_EPCL\Inc\dac_ui.h_save
2025-02-25 21:10:41,990 INFO  [LineInfo_to_exitCode.log_LineInfo] Generated code: C:\Users\thepr\git\EPCL_FW_MCSDK_001\prj\g474_ihm16m1_EPCL\Inc\dac_ui.h
2025-02-25 21:10:41,991 DEBUG [LineInfo_to_exitCode.log_LineInfo] 2025-02-25 21:10:41,991 [INFO] CodeEngine:255 - oldGeneratedFile, C:\Users\thepr\git\EPCL_FW_MCSDK_001\prj\g474_ihm16m1_EPCL\Src\mc_configuration_registers.c_save
2025-02-25 21:10:42,027 INFO  [LineInfo_to_exitCode.log_LineInfo] Generated code: C:\Users\thepr\git\EPCL_FW_MCSDK_001\prj\g474_ihm16m1_EPCL\Src\mc_configuration_registers.c
2025-02-25 21:10:42,029 DEBUG [LineInfo_to_exitCode.log_LineInfo] 2025-02-25 21:10:42,029 [INFO] CodeEngine:255 - oldGeneratedFile, C:\Users\thepr\git\EPCL_FW_MCSDK_001\prj\g474_ihm16m1_EPCL\Inc\mc_configuration_registers.h_save
2025-02-25 21:10:42,069 INFO  [LineInfo_to_exitCode.log_LineInfo] Generated code: C:\Users\thepr\git\EPCL_FW_MCSDK_001\prj\g474_ihm16m1_EPCL\Inc\mc_configuration_registers.h
2025-02-25 21:10:42,071 DEBUG [LineInfo_to_exitCode.log_LineInfo] 2025-02-25 21:10:42,071 [INFO] CodeEngine:255 - oldGeneratedFile, C:\Users\thepr\git\EPCL_FW_MCSDK_001\prj\g474_ihm16m1_EPCL\Inc\aspep.h_save
2025-02-25 21:10:42,107 INFO  [LineInfo_to_exitCode.log_LineInfo] Generated code: C:\Users\thepr\git\EPCL_FW_MCSDK_001\prj\g474_ihm16m1_EPCL\Inc\aspep.h
2025-02-25 21:10:42,110 DEBUG [LineInfo_to_exitCode.log_LineInfo] 2025-02-25 21:10:42,109 [INFO] CodeEngine:255 - oldGeneratedFile, C:\Users\thepr\git\EPCL_FW_MCSDK_001\prj\g474_ihm16m1_EPCL\Src\aspep.c_save
2025-02-25 21:10:42,151 INFO  [LineInfo_to_exitCode.log_LineInfo] Generated code: C:\Users\thepr\git\EPCL_FW_MCSDK_001\prj\g474_ihm16m1_EPCL\Src\aspep.c
2025-02-25 21:10:42,154 DEBUG [LineInfo_to_exitCode.log_LineInfo] 2025-02-25 21:10:42,153 [INFO] CodeEngine:255 - oldGeneratedFile, C:\Users\thepr\git\EPCL_FW_MCSDK_001\prj\g474_ihm16m1_EPCL\Inc\mc_app_hooks.h_save
2025-02-25 21:10:42,186 INFO  [LineInfo_to_exitCode.log_LineInfo] Generated code: C:\Users\thepr\git\EPCL_FW_MCSDK_001\prj\g474_ihm16m1_EPCL\Inc\mc_app_hooks.h
2025-02-25 21:10:42,188 DEBUG [LineInfo_to_exitCode.log_LineInfo] 2025-02-25 21:10:42,188 [INFO] CodeEngine:255 - oldGeneratedFile, C:\Users\thepr\git\EPCL_FW_MCSDK_001\prj\g474_ihm16m1_EPCL\Src\mc_app_hooks.c_save
2025-02-25 21:10:42,223 INFO  [LineInfo_to_exitCode.log_LineInfo] Generated code: C:\Users\thepr\git\EPCL_FW_MCSDK_001\prj\g474_ihm16m1_EPCL\Src\mc_app_hooks.c
2025-02-25 21:10:42,233 DEBUG [LineInfo_to_exitCode.log_LineInfo] 2025-02-25 21:10:42,233 [INFO] CodeEngine:255 - oldGeneratedFile, C:\Users\thepr\git\EPCL_FW_MCSDK_001\prj\g474_ihm16m1_EPCL\Src\stm32g4xx_it.c_save
2025-02-25 21:10:42,275 INFO  [LineInfo_to_exitCode.log_LineInfo] Generated code: C:\Users\thepr\git\EPCL_FW_MCSDK_001\prj\g474_ihm16m1_EPCL\Src\stm32g4xx_it.c
2025-02-25 21:10:42,278 DEBUG [LineInfo_to_exitCode.log_LineInfo] 2025-02-25 21:10:42,278 [INFO] CodeEngine:255 - oldGeneratedFile, C:\Users\thepr\git\EPCL_FW_MCSDK_001\prj\g474_ihm16m1_EPCL\Inc\stm32g4xx_it.h_save
2025-02-25 21:10:42,310 INFO  [LineInfo_to_exitCode.log_LineInfo] Generated code: C:\Users\thepr\git\EPCL_FW_MCSDK_001\prj\g474_ihm16m1_EPCL\Inc\stm32g4xx_it.h
2025-02-25 21:10:42,321 DEBUG [LineInfo_to_exitCode.log_LineInfo] 2025-02-25 21:10:42,320 [INFO] CodeEngine:255 - oldGeneratedFile, C:\Users\thepr\git\EPCL_FW_MCSDK_001\prj\g474_ihm16m1_EPCL\Src\stm32g4xx_hal_msp.c_save
2025-02-25 21:10:42,370 INFO  [LineInfo_to_exitCode.log_LineInfo] Generated code: C:\Users\thepr\git\EPCL_FW_MCSDK_001\prj\g474_ihm16m1_EPCL\Src\stm32g4xx_hal_msp.c
2025-02-25 21:10:42,373 DEBUG [LineInfo_to_exitCode.log_LineInfo] 2025-02-25 21:10:42,373 [INFO] CodeEngine:255 - oldGeneratedFile, C:\Users\thepr\git\EPCL_FW_MCSDK_001\prj\g474_ihm16m1_EPCL\MXTmpFiles\system.tmp_save
2025-02-25 21:10:42,404 DEBUG [LineInfo_to_exitCode.log_LineInfo] 2025-02-25 21:10:42,404 [INFO] CodeEngine:279 - Generated code: C:\Users\thepr\git\EPCL_FW_MCSDK_001\prj\g474_ihm16m1_EPCL\MXTmpFiles\system.tmp
2025-02-25 21:10:42,407 DEBUG [LineInfo_to_exitCode.log_LineInfo] 2025-02-25 21:10:42,407 [INFO] CodeEngine:255 - oldGeneratedFile, C:\Users\thepr\git\EPCL_FW_MCSDK_001\prj\g474_ihm16m1_EPCL\Inc\stm32_assert.h_save
2025-02-25 21:10:42,439 INFO  [LineInfo_to_exitCode.log_LineInfo] Generated code: C:\Users\thepr\git\EPCL_FW_MCSDK_001\prj\g474_ihm16m1_EPCL\Inc\stm32_assert.h
2025-02-25 21:10:42,444 DEBUG [LineInfo_to_exitCode.log_LineInfo] 2025-02-25 21:10:42,444 [INFO] CodeEngine:311 - oldGeneratedFile, C:\Users\thepr\git\EPCL_FW_MCSDK_001\prj\g474_ihm16m1_EPCL\Inc\stm32g4xx_hal_conf.h_save
2025-02-25 21:10:42,478 INFO  [LineInfo_to_exitCode.log_LineInfo] Generated code: C:\Users\thepr\git\EPCL_FW_MCSDK_001\prj\g474_ihm16m1_EPCL\Inc\stm32g4xx_hal_conf.h
2025-02-25 21:10:42,505 DEBUG [LineInfo_to_exitCode.log_LineInfo] 2025-02-25 21:10:42,505 [INFO] ApiDbMcu:508 - Load IP Config File for ADC1
2025-02-25 21:10:42,507 DEBUG [LineInfo_to_exitCode.log_LineInfo] 2025-02-25 21:10:42,507 [INFO] ApiDbMcu:508 - Load IP Config File for ADC2
2025-02-25 21:10:42,508 DEBUG [LineInfo_to_exitCode.log_LineInfo] 2025-02-25 21:10:42,508 [INFO] ApiDbMcu:508 - Load IP Config File for CORDIC
2025-02-25 21:10:42,510 DEBUG [LineInfo_to_exitCode.log_LineInfo] 2025-02-25 21:10:42,510 [INFO] ApiDbMcu:508 - Load IP Config File for DAC1
2025-02-25 21:10:42,519 DEBUG [LineInfo_to_exitCode.log_LineInfo] 2025-02-25 21:10:42,519 [INFO] ApiDbMcu:508 - Load IP Config File for TIM1
2025-02-25 21:10:42,525 DEBUG [LineInfo_to_exitCode.log_LineInfo] 2025-02-25 21:10:42,525 [INFO] ApiDbMcu:508 - Load IP Config File for USART2
2025-02-25 21:10:42,526 DEBUG [LineInfo_to_exitCode.log_LineInfo] 2025-02-25 21:10:42,526 [INFO] ApiDbMcu:508 - Load IP Config File for RCC
2025-02-25 21:10:42,535 DEBUG [LineInfo_to_exitCode.log_LineInfo] 2025-02-25 21:10:42,535 [INFO] CodeEngine:255 - oldGeneratedFile, C:\Users\thepr\git\EPCL_FW_MCSDK_001\prj\g474_ihm16m1_EPCL\Inc\main.h_save
2025-02-25 21:10:42,578 INFO  [LineInfo_to_exitCode.log_LineInfo] Generated code: C:\Users\thepr\git\EPCL_FW_MCSDK_001\prj\g474_ihm16m1_EPCL\Inc\main.h
2025-02-25 21:10:42,581 DEBUG [LineInfo_to_exitCode.log_LineInfo] 2025-02-25 21:10:42,581 [INFO] CodeEngine:255 - oldGeneratedFile, C:\Users\thepr\git\EPCL_FW_MCSDK_001\prj\g474_ihm16m1_EPCL\Src\main.c_save
2025-02-25 21:10:42,663 INFO  [LineInfo_to_exitCode.log_LineInfo] Generated code: C:\Users\thepr\git\EPCL_FW_MCSDK_001\prj\g474_ihm16m1_EPCL\Src\main.c
2025-02-25 21:10:42,962 DEBUG [LineInfo_to_exitCode.log_LineInfo] 2025-02-25 21:10:42,962 [INFO] ProjectBuilder:3289 - Time for Copy HAL[0] : 204mS.
2025-02-25 21:10:42,968 DEBUG [LineInfo_to_exitCode.log_LineInfo] 2025-02-25 21:10:42,968 [INFO] ProjectBuilder:4876 - Project Generator version: 4.5.0-RC5
2025-02-25 21:10:43,014 DEBUG [LineInfo_to_exitCode.log_LineInfo] 2025-02-25 21:10:43,014 [INFO] ConfigFileManager:1579 - The Die is : DIE469
2025-02-25 21:10:43,017 DEBUG [LineInfo_to_exitCode.log_LineInfo] 2025-02-25 21:10:43,016 [INFO] ApiDbMcu:508 - Load IP Config File for FATFS
2025-02-25 21:10:43,019 DEBUG [LineInfo_to_exitCode.log_LineInfo] 2025-02-25 21:10:43,019 [INFO] ApiDbMcu:508 - Load IP Config File for FREERTOS
2025-02-25 21:10:43,022 DEBUG [LineInfo_to_exitCode.log_LineInfo] 2025-02-25 21:10:43,022 [INFO] ApiDbMcu:508 - Load IP Config File for USBPD
2025-02-25 21:10:43,026 DEBUG [LineInfo_to_exitCode.log_LineInfo] 2025-02-25 21:10:43,026 [INFO] ApiDbMcu:508 - Load IP Config File for USB_DEVICE
2025-02-25 21:10:54,223 DEBUG [LineInfo_to_exitCode.log_LineInfo] 2025-02-25 21:10:54,222 [INFO] ConfigFileManager:3107 - mx.scratch is deleted!
2025-02-25 21:10:54,223 DEBUG [LineInfo_to_exitCode.log_LineInfo] 2025-02-25 21:10:54,223 [INFO] ProjectBuilder:5154 - Time for Generating toolchain IDE Files: 11254mS.
2025-02-25 21:10:54,924 DEBUG [LineInfo_to_exitCode.log_LineInfo] 2025-02-25 21:10:54,924 [INFO] ProjectBuilder:3146 - Time for Copy CMSIS : 701mS.
2025-02-25 21:10:55,170 DEBUG [LineInfo_to_exitCode.log_LineInfo] 2025-02-25 21:10:55,170 [INFO] ProjectBuilder:3146 - Time for Copy CMSIS : 245mS.
2025-02-25 21:11:42,054 DEBUG [IOCDialogController.lambda$onClose$8] IOCGenerationDialog exists with return code 0
